Ordernr;Produktnr;Enhetspris;Antal;Rabatt
10248;42;78.4;10;0
10248;72;194.4;5;0
10248;75;62;12;0
10249;14;148.8;9;0
10249;51;339.2;40;0
10250;41;61.6;10;0
10250;51;339.2;35;0.150000006
10250;65;134.4;15;0.150000006
10251;22;134.4;6;0.050000001
10251;57;124.8;15;0.050000001
10251;65;134.4;20;0
10252;20;518.4;40;0.050000001
10252;33;16;25;0.050000001
10252;60;217.6;40;0
10253;31;80;20;0
10253;39;115.2;42;0
10253;49;128;40;0
10254;24;28.8;15;0.150000006
10254;55;153.6;21;0.150000006
10254;74;64;21;0
10255;2;121.6;20;0
10255;16;111.2;35;0
10255;36;121.6;25;0
10255;59;352;30;0
10256;53;209.6;15;0
10256;77;83.2;12;0
10257;27;280.8;25;0
10257;39;115.2;6;0
10257;77;83.2;15;0
10258;2;121.6;50;0.200000003
10258;5;136;65;0.200000003
10258;32;204.8;6;0.200000003
10259;21;64;10;0
10259;37;166.4;1;0
10260;41;61.6;16;0.25
10260;57;124.8;50;0
10260;62;315.2;15;0.25
10260;70;96;21;0.25
10261;21;64;20;0
10261;35;115.2;20;0
10262;5;136;12;0.200000003
10262;7;192;15;0
10262;56;243.2;2;0
10263;16;111.2;60;0.25
10263;24;28.8;28;0
10263;30;165.6;60;0.25
10263;74;64;36;0.25
10264;2;121.6;35;0
10264;41;61.6;25;0.150000006
10265;17;249.6;30;0
10265;70;96;20;0
10266;12;243.2;12;0.050000001
10267;40;117.6;50;0
10267;59;352;70;0.150000006
10267;76;115.2;15;0.150000006
10268;29;792;10;0
10268;72;222.4;4;0
10269;33;16;60;0.050000001
10269;72;222.4;20;0.050000001
10270;36;121.6;30;0
10270;43;294.4;25;0
10271;33;16;24;0
10272;20;518.4;6;0
10272;31;80;40;0
10272;72;222.4;24;0
10273;10;198.4;24;0.050000001
10273;31;80;15;0.050000001
10273;33;16;20;0
10273;40;117.6;60;0.050000001
10273;76;115.2;33;0.050000001
10274;71;137.6;20;0
10274;72;222.4;7;0
10275;24;28.8;12;0.050000001
10275;59;352;6;0.050000001
10276;10;198.4;15;0
10276;13;38.4;10;0
10277;28;291.2;20;0
10277;62;315.2;12;0
10278;44;124;16;0
10278;59;352;15;0
10278;63;280.8;8;0
10278;73;96;25;0
10279;17;249.6;15;0.25
10280;24;28.8;12;0
10280;55;153.6;20;0
10280;75;49.6;30;0
10281;19;58.4;1;0
10281;24;28.8;6;0
10281;35;115.2;4;0
10282;30;165.6;6;0
10282;57;124.8;2;0
10283;15;99.2;20;0
10283;19;58.4;18;0
10283;60;217.6;35;0
10283;72;222.4;3;0
10284;27;280.8;15;0.25
10284;44;124;21;0
10284;60;217.6;20;0.25
10284;67;89.6;5;0.25
10285;1;115.2;45;0.200000003
10285;40;117.6;40;0.200000003
10285;53;209.6;36;0.200000003
10286;35;115.2;100;0
10286;62;315.2;40;0
10287;16;111.2;40;0.150000006
10287;34;89.6;20;0
10287;46;76.8;15;0.150000006
10288;54;47.2;10;0.100000001
10288;68;80;3;0.100000001
10289;3;64;30;0
10289;64;212.8;9;0
10290;5;136;20;0
10290;29;792;15;0
10290;49;128;15;0
10290;77;83.2;10;0
10291;13;38.4;20;0.100000001
10291;44;124;24;0.100000001
10291;51;339.2;2;0.100000001
10292;20;518.4;20;0
10293;18;400;12;0
10293;24;28.8;10;0
10293;63;280.8;5;0
10293;75;49.6;6;0
10294;1;115.2;18;0
10294;17;249.6;15;0
10294;43;294.4;15;0
10294;60;217.6;21;0
10294;75;49.6;6;0
10295;56;243.2;4;0
10296;11;134.4;12;0
10296;16;111.2;30;0
10296;69;230.4;15;0
10297;39;115.2;60;0
10297;72;222.4;20;0
10298;2;121.6;40;0
10298;36;121.6;40;0.25
10298;59;352;30;0.25
10298;62;315.2;15;0
10299;19;58.4;15;0
10299;70;96;20;0
10300;66;108.8;30;0
10300;68;80;20;0
10301;40;117.6;10;0
10301;56;243.2;20;0
10302;17;249.6;40;0
10302;28;291.2;28;0
10302;43;294.4;12;0
10303;40;117.6;40;0.100000001
10303;65;134.4;30;0.100000001
10303;68;80;15;0.100000001
10304;49;128;30;0
10304;59;352;10;0
10304;71;137.6;2;0
10305;18;400;25;0.100000001
10305;29;792;25;0.100000001
10305;39;115.2;30;0.100000001
10306;30;165.6;10;0
10306;53;209.6;10;0
10306;54;47.2;5;0
10307;62;315.2;10;0
10307;68;80;3;0
10308;69;230.4;1;0
10308;70;96;5;0
10309;4;140.8;20;0
10309;6;160;30;0
10309;42;89.6;2;0
10309;43;294.4;20;0
10309;71;137.6;3;0
10310;16;111.2;10;0
10310;62;315.2;5;0
10311;42;89.6;6;0
10311;69;230.4;7;0
10312;28;291.2;4;0
10312;43;294.4;24;0
10312;53;209.6;20;0
10312;75;49.6;10;0
10313;36;121.6;12;0
10314;32;204.8;40;0.100000001
10314;58;84.8;30;0.100000001
10314;62;315.2;25;0.100000001
10315;34;89.6;14;0
10315;70;96;30;0
10316;41;61.6;10;0
10316;62;315.2;70;0
10317;1;115.2;20;0
10318;41;61.6;20;0
10318;76;115.2;6;0
10319;17;249.6;8;0
10319;28;291.2;14;0
10319;76;115.2;30;0
10320;71;137.6;30;0
10321;35;115.2;10;0
10322;52;44.8;20;0
10323;15;99.2;5;0
10323;25;89.6;4;0
10323;39;115.2;4;0
10324;16;111.2;21;0.150000006
10324;35;115.2;70;0.150000006
10324;46;76.8;30;0
10324;59;352;40;0.150000006
10324;63;280.8;80;0.150000006
10325;6;160;6;0
10325;13;38.4;12;0
10325;14;148.8;9;0
10325;31;80;4;0
10325;72;222.4;40;0
10326;4;140.8;24;0
10326;57;124.8;16;0
10326;75;49.6;50;0
10327;2;121.6;25;0.200000003
10327;11;134.4;50;0.200000003
10327;30;165.6;35;0.200000003
10327;58;84.8;30;0.200000003
10328;59;352;9;0
10328;65;134.4;40;0
10328;68;80;10;0
10329;19;58.4;10;0.050000001
10329;30;165.6;8;0.050000001
10329;38;1686.4;20;0.050000001
10329;56;243.2;12;0.050000001
10330;26;199.2;50;0.150000006
10330;72;222.4;25;0.150000006
10331;54;47.2;15;0
10332;18;400;40;0.200000003
10332;42;89.6;10;0.200000003
10332;47;60.8;16;0.200000003
10333;14;148.8;10;0
10333;21;64;10;0.100000001
10333;71;137.6;40;0.100000001
10334;52;44.8;8;0
10334;68;80;10;0
10335;2;121.6;7;0.200000003
10335;31;80;25;0.200000003
10335;32;204.8;6;0.200000003
10335;51;339.2;48;0.200000003
10336;4;140.8;18;0.100000001
10337;23;57.6;40;0
10337;26;199.2;24;0
10337;36;121.6;20;0
10337;37;166.4;28;0
10337;72;222.4;25;0
10338;17;249.6;20;0
10338;30;165.6;15;0
10339;4;140.8;10;0
10339;17;249.6;70;0.050000001
10339;62;315.2;28;0
10340;18;400;20;0.050000001
10340;41;61.6;12;0.050000001
10340;43;294.4;40;0.050000001
10341;33;16;8;0
10341;59;352;9;0.150000006
10342;2;121.6;24;0.200000003
10342;31;80;56;0.200000003
10342;36;121.6;40;0.200000003
10342;55;153.6;40;0.200000003
10343;64;212.8;50;0
10343;68;80;4;0.050000001
10343;76;115.2;15;0
10344;4;140.8;35;0
10344;8;256;70;0.25
10345;8;256;70;0
10345;19;58.4;80;0
10345;42;89.6;9;0
10346;17;249.6;36;0.100000001
10346;56;243.2;20;0
10347;25;89.6;10;0
10347;39;115.2;50;0.150000006
10347;40;117.6;4;0
10347;75;49.6;6;0.150000006
10348;1;115.2;15;0.150000006
10348;23;57.6;25;0
10349;54;47.2;24;0
10350;50;104;15;0.100000001
10350;69;230.4;18;0.100000001
10351;38;1686.4;20;0.050000001
10351;41;61.6;13;0
10351;44;124;77;0.050000001
10351;65;134.4;10;0.050000001
10352;24;28.8;10;0
10352;54;47.2;20;0.150000006
10353;11;134.4;12;0.200000003
10353;38;1686.4;50;0.200000003
10354;1;115.2;12;0
10354;29;792;4;0
10355;24;28.8;25;0
10355;57;124.8;25;0
10356;31;80;30;0
10356;55;153.6;12;0
10356;69;230.4;20;0
10357;10;198.4;30;0.200000003
10357;26;199.2;16;0
10357;60;217.6;8;0.200000003
10358;24;28.8;10;0.050000001
10358;34;89.6;10;0.050000001
10358;36;121.6;20;0.050000001
10359;16;111.2;56;0.050000001
10359;31;80;70;0.050000001
10359;60;217.6;80;0.050000001
10360;28;291.2;30;0
10360;29;792;35;0
10360;38;1686.4;10;0
10360;49;128;35;0
10360;54;47.2;28;0
10361;39;115.2;54;0.100000001
10361;60;217.6;55;0.100000001
10362;25;89.6;50;0
10362;51;339.2;20;0
10362;54;47.2;24;0
10363;31;80;20;0
10363;75;49.6;12;0
10363;76;115.2;12;0
10364;69;230.4;30;0
10364;71;137.6;5;0
10365;11;134.4;24;0
10366;65;134.4;5;0
10366;77;83.2;5;0
10367;34;89.6;36;0
10367;54;47.2;18;0
10367;65;134.4;15;0
10367;77;83.2;7;0
10368;21;64;5;0.100000001
10368;28;291.2;13;0.100000001
10368;57;124.8;25;0
10368;64;212.8;35;0.100000001
10369;29;792;20;0
10369;56;243.2;18;0.25
10370;1;115.2;15;0.150000006
10370;64;212.8;30;0
10370;74;64;20;0.150000006
10371;36;121.6;6;0.200000003
10372;20;518.4;12;0.25
10372;38;1686.4;40;0.25
10372;60;217.6;70;0.25
10372;72;222.4;42;0.25
10373;58;84.8;80;0.200000003
10373;71;137.6;50;0.200000003
10374;31;80;30;0
10374;58;84.8;15;0
10375;14;148.8;15;0
10375;54;47.2;10;0
10376;31;80;42;0.050000001
10377;28;291.2;20;0.150000006
10377;39;115.2;20;0.150000006
10378;71;137.6;6;0
10379;41;61.6;8;0.100000001
10379;63;280.8;16;0.100000001
10379;65;134.4;20;0.100000001
10380;30;165.6;18;0.100000001
10380;53;209.6;20;0.100000001
10380;60;217.6;6;0.100000001
10380;70;96;30;0
10381;74;64;14;0
10382;5;136;32;0
10382;18;400;9;0
10382;29;792;14;0
10382;33;16;60;0
10382;74;64;50;0
10383;13;38.4;20;0
10383;50;104;15;0
10383;56;243.2;20;0
10384;20;518.4;28;0
10384;60;217.6;15;0
10385;7;192;10;0.200000003
10385;60;217.6;20;0.200000003
10385;68;80;8;0.200000003
10386;24;28.8;15;0
10386;34;89.6;10;0
10387;24;28.8;15;0
10387;28;291.2;6;0
10387;59;352;12;0
10387;71;137.6;15;0
10388;45;60.8;15;0.200000003
10388;52;44.8;20;0.200000003
10388;53;209.6;40;0
10389;10;198.4;16;0
10389;55;153.6;15;0
10389;62;315.2;20;0
10389;70;96;30;0
10390;31;80;60;0.100000001
10390;35;115.2;40;0.100000001
10390;46;76.8;45;0
10390;72;222.4;24;0.100000001
10391;13;38.4;18;0
10392;69;230.4;50;0
10393;2;121.6;25;0.25
10393;14;148.8;42;0.25
10393;25;89.6;7;0.25
10393;26;199.2;70;0.25
10393;31;80;32;0
10394;13;38.4;10;0
10394;62;315.2;10;0
10395;46;76.8;28;0.100000001
10395;53;209.6;70;0.100000001
10395;69;230.4;8;0
10396;23;57.6;40;0
10396;71;137.6;60;0
10396;72;222.4;21;0
10397;21;64;10;0.150000006
10397;51;339.2;18;0.150000006
10398;35;115.2;30;0
10398;55;153.6;120;0.100000001
10399;68;80;60;0
10399;71;137.6;30;0
10399;76;115.2;35;0
10399;77;83.2;14;0
10400;29;792;21;0
10400;35;115.2;35;0
10400;49;128;30;0
10401;30;165.6;18;0
10401;56;243.2;70;0
10401;65;134.4;20;0
10401;71;137.6;60;0
10402;23;57.6;60;0
10402;63;280.8;65;0
10403;16;111.2;21;0.150000006
10403;48;81.6;70;0.150000006
10404;26;199.2;30;0.050000001
10404;42;89.6;40;0.050000001
10404;49;128;30;0.050000001
10405;3;64;50;0
10406;1;115.2;10;0
10406;21;64;30;0.100000001
10406;28;291.2;42;0.100000001
10406;36;121.6;5;0.100000001
10406;40;117.6;2;0.100000001
10407;11;134.4;30;0
10407;69;230.4;15;0
10407;71;137.6;15;0
10408;37;166.4;10;0
10408;54;47.2;6;0
10408;62;315.2;35;0
10409;14;148.8;12;0
10409;21;64;12;0
10410;33;16;49;0
10410;59;352;16;0
10411;41;61.6;25;0.200000003
10411;44;124;40;0.200000003
10411;59;352;9;0.200000003
10412;14;148.8;20;0.100000001
10413;1;115.2;24;0
10413;62;315.2;40;0
10413;76;115.2;14;0
10414;19;58.4;18;0.050000001
10414;33;16;50;0
10415;17;249.6;2;0
10415;33;16;20;0
10416;19;58.4;20;0
10416;53;209.6;10;0
10416;57;124.8;20;0
10417;38;1686.4;50;0
10417;46;76.8;2;0.25
10417;68;80;36;0.25
10417;77;83.2;35;0
10418;2;121.6;60;0
10418;47;60.8;55;0
10418;61;182.4;16;0
10418;74;64;15;0
10419;60;217.6;60;0.050000001
10419;69;230.4;20;0.050000001
10420;9;620.8;20;0.100000001
10420;13;38.4;2;0.100000001
10420;70;96;8;0.100000001
10420;73;96;20;0.100000001
10421;19;58.4;4;0.150000006
10421;26;199.2;30;0
10421;53;209.6;15;0.150000006
10421;77;83.2;10;0.150000006
10422;26;199.2;2;0
10423;31;80;14;0
10423;59;352;20;0
10424;35;115.2;60;0.200000003
10424;38;1686.4;49;0.200000003
10424;68;80;30;0.200000003
10425;55;153.6;10;0.25
10425;76;115.2;20;0.25
10426;56;243.2;5;0
10426;64;212.8;7;0
10427;14;148.8;35;0
10428;46;76.8;20;0
10429;50;104;40;0
10429;63;280.8;35;0.25
10430;17;249.6;45;0.200000003
10430;21;64;50;0
10430;56;243.2;30;0
10430;59;352;70;0.200000003
10431;17;249.6;50;0.25
10431;40;117.6;50;0.25
10431;47;60.8;30;0.25
10432;26;199.2;10;0
10432;54;47.2;40;0
10433;56;243.2;28;0
10434;11;134.4;6;0
10434;76;115.2;18;0.150000006
10435;2;121.6;10;0
10435;22;134.4;12;0
10435;72;222.4;10;0
10436;46;76.8;5;0
10436;56;243.2;40;0.100000001
10436;64;212.8;30;0.100000001
10436;75;49.6;24;0.100000001
10437;53;209.6;15;0
10438;19;58.4;15;0.200000003
10438;34;89.6;20;0.200000003
10438;57;124.8;15;0.200000003
10439;12;243.2;15;0
10439;16;111.2;16;0
10439;64;212.8;6;0
10439;74;64;30;0
10440;2;121.6;45;0.150000006
10440;16;111.2;49;0.150000006
10440;29;792;24;0.150000006
10440;61;182.4;90;0.150000006
10441;27;280.8;50;0
10442;11;134.4;30;0
10442;54;47.2;80;0
10442;66;108.8;60;0
10443;11;134.4;6;0.200000003
10443;28;291.2;12;0
10444;17;249.6;10;0
10444;26;199.2;15;0
10444;35;115.2;8;0
10444;41;61.6;30;0
10445;39;115.2;6;0
10445;54;47.2;15;0
10446;19;58.4;12;0.100000001
10446;24;28.8;20;0.100000001
10446;31;80;3;0.100000001
10446;52;44.8;15;0.100000001
10447;19;58.4;40;0
10447;65;134.4;35;0
10447;71;137.6;2;0
10448;26;199.2;6;0
10448;40;117.6;20;0
10449;10;198.4;14;0
10449;52;44.8;20;0
10449;62;315.2;35;0
10450;10;198.4;20;0.200000003
10450;54;47.2;6;0.200000003
10451;55;153.6;120;0.100000001
10451;64;212.8;35;0.100000001
10451;65;134.4;28;0.100000001
10451;77;83.2;55;0.100000001
10452;28;291.2;15;0
10452;44;124;100;0.050000001
10453;48;81.6;15;0.100000001
10453;70;96;25;0.100000001
10454;16;111.2;20;0.200000003
10454;33;16;20;0.200000003
10454;46;76.8;10;0.200000003
10455;39;115.2;20;0
10455;53;209.6;50;0
10455;61;182.4;25;0
10455;71;137.6;30;0
10456;21;64;40;0.150000006
10456;49;128;21;0.150000006
10457;59;352;36;0
10458;26;199.2;30;0
10458;28;291.2;30;0
10458;43;294.4;20;0
10458;56;243.2;15;0
10458;71;137.6;50;0
10459;7;192;16;0.050000001
10459;46;76.8;20;0.050000001
10459;72;222.4;40;0
10460;68;80;21;0.25
10460;75;49.6;4;0.25
10461;21;64;40;0.25
10461;30;165.6;28;0.25
10461;55;153.6;60;0.25
10462;13;38.4;1;0
10462;23;57.6;21;0
10463;19;58.4;21;0
10463;42;89.6;50;0
10464;4;140.8;16;0.200000003
10464;43;294.4;3;0
10464;56;243.2;30;0.200000003
10464;60;217.6;20;0
10465;24;28.8;25;0
10465;29;792;18;0.100000001
10465;40;117.6;20;0
10465;45;60.8;30;0.100000001
10465;50;104;25;0
10466;11;134.4;10;0
10466;46;76.8;5;0
10467;24;28.8;28;0
10467;25;89.6;12;0
10468;30;165.6;8;0
10468;43;294.4;15;0
10469;2;121.6;40;0.150000006
10469;16;111.2;35;0.150000006
10469;44;124;2;0.150000006
10470;18;400;30;0
10470;23;57.6;15;0
10470;64;212.8;8;0
10471;7;192;30;0
10471;56;243.2;20;0
10472;24;28.8;80;0.050000001
10472;51;339.2;18;0
10473;33;16;12;0
10473;71;137.6;12;0
10474;14;148.8;12;0
10474;28;291.2;18;0
10474;40;117.6;21;0
10474;75;49.6;10;0
10475;31;80;35;0.150000006
10475;66;108.8;60;0.150000006
10475;76;115.2;42;0.150000006
10476;55;153.6;2;0.050000001
10476;70;96;12;0
10477;1;115.2;15;0
10477;21;64;21;0.25
10477;39;115.2;20;0.25
10478;10;198.4;20;0.050000001
10479;38;1686.4;30;0
10479;53;209.6;28;0
10479;59;352;60;0
10479;64;212.8;30;0
10480;47;60.8;30;0
10480;59;352;12;0
10481;49;128;24;0
10481;60;217.6;40;0
10482;40;117.6;10;0
10483;34;89.6;35;0.050000001
10483;77;83.2;30;0.050000001
10484;21;64;14;0
10484;40;117.6;10;0
10484;51;339.2;3;0
10485;2;121.6;20;0.100000001
10485;3;64;20;0.100000001
10485;55;153.6;30;0.100000001
10485;70;96;60;0.100000001
10486;11;134.4;5;0
10486;51;339.2;25;0
10486;74;64;16;0
10487;19;58.4;5;0
10487;26;199.2;30;0
10487;54;47.2;24;0.25
10488;59;352;30;0
10488;73;96;20;0.200000003
10489;11;134.4;15;0.25
10489;16;111.2;18;0
10490;59;352;60;0
10490;68;80;30;0
10490;75;49.6;36;0
10491;44;124;15;0.150000006
10491;77;83.2;7;0.150000006
10492;25;89.6;60;0.050000001
10492;42;89.6;20;0.050000001
10493;65;134.4;15;0.100000001
10493;66;108.8;10;0.100000001
10493;69;230.4;10;0.100000001
10494;56;243.2;30;0
10495;23;57.6;10;0
10495;41;61.6;20;0
10495;77;83.2;5;0
10496;31;80;20;0.050000001
10497;56;243.2;14;0
10497;72;222.4;25;0
10497;77;83.2;25;0
10498;24;36;14;0
10498;40;147.2;5;0
10498;42;112;30;0
10499;28;364.8;20;0
10499;49;160;25;0
10500;15;124;12;0.050000001
10500;28;364.8;8;0.050000001
10501;54;59.6;20;0
10502;45;76;21;0
10502;53;262.4;6;0
10502;67;112;30;0
10503;14;186;70;0
10503;65;168.4;20;0
10504;2;152;12;0
10504;21;80;12;0
10504;53;262.4;10;0
10504;61;228;25;0
10505;62;394.4;3;0
10506;25;112;18;0.100000001
10506;70;120;14;0.100000001
10507;43;368;15;0.150000006
10507;48;102;15;0.150000006
10508;13;48;10;0
10508;39;144;10;0
10509;28;364.8;3;0
10510;29;990.32;36;0
10510;75;62;36;0.100000001
10511;4;176;50;0.150000006
10511;7;240;50;0.150000006
10511;8;320;10;0.150000006
10512;24;36;10;0.150000006
10512;46;96;9;0.150000006
10512;47;76;6;0.150000006
10512;60;272;12;0.150000006
10513;21;80;40;0.200000003
10513;32;256;50;0.200000003
10513;61;228;15;0.200000003
10514;20;648;39;0
10514;28;364.8;35;0
10514;56;304;70;0
10514;65;168.4;39;0
10514;75;62;50;0
10515;9;776;16;0.150000006
10515;16;139.6;50;0
10515;27;351.2;120;0
10515;33;20;16;0.150000006
10515;60;272;84;0.150000006
10516;18;500;25;0.100000001
10516;41;77.2;80;0.100000001
10516;42;112;20;0
10517;52;56;6;0
10517;59;440;4;0
10517;70;120;6;0
10518;24;36;5;0
10518;38;2 108,00;15;0
10518;44;155.6;9;0
10519;10;248;16;0.050000001
10519;56;304;40;0
10519;60;272;10;0.050000001
10520;24;36;8;0
10520;53;262.4;5;0
10521;35;144;3;0
10521;41;77.2;10;0
10521;68;100;6;0
10522;1;144;40;0.200000003
10522;8;320;24;0
10522;30;207.12;20;0.200000003
10522;40;147.2;25;0.200000003
10523;17;312;25;0.100000001
10523;20;648;15;0.100000001
10523;37;208;18;0.100000001
10523;41;77.2;6;0.100000001
10524;10;248;2;0
10524;30;207.12;10;0
10524;43;368;60;0
10524;54;59.6;15;0
10525;36;152;30;0
10525;40;147.2;15;0.100000001
10526;1;144;8;0.150000006
10526;13;48;10;0
10526;56;304;30;0.150000006
10527;4;176;50;0.100000001
10527;36;152;30;0.100000001
10528;11;168;3;0
10528;33;20;8;0.200000003
10528;72;278.4;9;0
10529;55;192;14;0
10529;68;100;20;0
10529;69;288;10;0
10530;17;312;40;0
10530;43;368;25;0
10530;61;228;20;0
10530;76;144;50;0
10531;59;440;2;0
10532;30;207.12;15;0
10532;66;136;24;0
10533;4;176;50;0.050000001
10533;72;278.4;24;0
10533;73;120;24;0.050000001
10534;30;207.12;10;0
10534;40;147.2;10;0.200000003
10534;54;59.6;10;0.200000003
10535;11;168;50;0.100000001
10535;40;147.2;10;0.100000001
10535;57;156;5;0.100000001
10535;59;440;15;0.100000001
10536;12;304;15;0.25
10536;31;100;20;0
10536;33;20;30;0
10536;60;272;35;0.25
10537;31;100;30;0
10537;51;424;6;0
10537;58;106;20;0
10537;72;278.4;21;0
10537;73;120;9;0
10538;70;120;7;0
10538;72;278.4;1;0
10539;13;48;8;0
10539;21;80;15;0
10539;33;20;15;0
10539;49;160;6;0
10540;3;80;60;0
10540;26;249.84;40;0
10540;38;2 108,00;30;0
10540;68;100;35;0
10541;24;36;35;0.100000001
10541;38;2 108,00;4;0.100000001
10541;65;168.4;36;0.100000001
10541;71;172;9;0.100000001
10542;11;168;15;0.050000001
10542;54;59.6;24;0.050000001
10543;12;304;30;0.150000006
10543;23;72;70;0.150000006
10544;28;364.8;7;0
10544;67;112;7;0
10545;11;168;10;0
10546;7;240;10;0
10546;35;144;30;0
10546;62;394.4;40;0
10547;32;256;24;0.150000006
10547;36;152;60;0
10548;34;112;10;0.25
10548;41;77.2;14;0
10549;31;100;55;0.150000006
10549;45;76;100;0.150000006
10549;51;424;48;0.150000006
10550;17;312;8;0.100000001
10550;19;73.6;10;0
10550;21;80;6;0.100000001
10550;61;228;10;0.100000001
10551;16;139.6;40;0.150000006
10551;35;144;20;0.150000006
10551;44;155.6;40;0
10552;69;288;18;0
10552;75;62;30;0
10553;11;168;15;0
10553;16;139.6;14;0
10553;22;168;24;0
10553;31;100;30;0
10553;35;144;6;0
10554;16;139.6;30;0.050000001
10554;23;72;20;0.050000001
10554;62;394.4;20;0.050000001
10554;77;104;10;0.050000001
10555;14;186;30;0.200000003
10555;19;73.6;35;0.200000003
10555;24;36;18;0.200000003
10555;51;424;20;0.200000003
10555;56;304;40;0.200000003
10556;72;278.4;24;0
10557;64;266;30;0
10557;75;62;20;0
10558;47;76;25;0
10558;51;424;20;0
10558;52;56;30;0
10558;53;262.4;18;0
10558;73;120;3;0
10559;41;77.2;12;0.050000001
10559;55;192;18;0.050000001
10560;30;207.12;20;0
10560;62;394.4;15;0.25
10561;44;155.6;10;0
10561;51;424;50;0
10562;33;20;20;0.100000001
10562;62;394.4;10;0.100000001
10563;36;152;25;0
10563;52;56;70;0
10564;17;312;16;0.050000001
10564;31;100;6;0.050000001
10564;55;192;25;0.050000001
10565;24;36;25;0.100000001
10565;64;266;18;0.100000001
10566;11;168;35;0.150000006
10566;18;500;18;0.150000006
10566;76;144;10;0
10567;31;100;60;0.200000003
10567;51;424;3;0
10567;59;440;40;0.200000003
10568;10;248;5;0
10569;31;100;35;0.200000003
10569;76;144;30;0
10570;11;168;15;0.050000001
10570;56;304;60;0.050000001
10571;14;186;11;0.150000006
10571;42;112;28;0.150000006
10572;16;139.6;12;0.100000001
10572;32;256;10;0.100000001
10572;40;147.2;50;0
10572;75;62;15;0.100000001
10573;17;312;18;0
10573;34;112;40;0
10573;53;262.4;25;0
10574;33;20;14;0
10574;40;147.2;2;0
10574;62;394.4;10;0
10574;64;266;6;0
10575;59;440;12;0
10575;63;351.2;6;0
10575;72;278.4;30;0
10575;76;144;10;0
10576;1;144;10;0
10576;31;100;20;0
10576;44;155.6;21;0
10577;39;144;10;0
10577;75;62;20;0
10577;77;104;18;0
10578;35;144;20;0
10578;57;156;6;0
10579;15;124;10;0
10579;75;62;21;0
10580;14;186;15;0.050000001
10580;41;77.2;9;0.050000001
10580;65;168.4;30;0.050000001
10581;75;62;50;0.200000003
10582;57;156;4;0
10582;76;144;14;0
10583;29;990.32;10;0
10583;60;272;24;0.150000006
10583;69;288;10;0.150000006
10584;31;100;50;0.050000001
10585;47;76;15;0
10586;52;56;4;0.150000006
10587;26;249.84;6;0
10587;35;144;20;0
10587;77;104;20;0
10588;18;500;40;0.200000003
10588;42;112;100;0.200000003
10589;35;144;4;0
10590;1;144;20;0
10590;77;104;60;0.050000001
10591;3;80;14;0
10591;7;240;10;0
10591;54;59.6;50;0
10592;15;124;25;0.050000001
10592;26;249.84;5;0.050000001
10593;20;648;21;0.200000003
10593;69;288;20;0.200000003
10593;76;144;4;0.200000003
10594;52;56;24;0
10594;58;106;30;0
10595;35;144;30;0.25
10595;61;228;120;0.25
10595;69;288;65;0.25
10596;56;304;5;0.200000003
10596;63;351.2;24;0.200000003
10596;75;62;30;0.200000003
10597;24;36;35;0.200000003
10597;57;156;20;0
10597;65;168.4;12;0.200000003
10598;27;351.2;50;0
10598;71;172;9;0
10599;62;394.4;10;0
10600;54;59.6;4;0
10600;73;120;30;0
10601;13;48;60;0
10601;59;440;35;0
10602;77;104;5;0.25
10603;22;168;48;0
10603;49;160;25;0.050000001
10604;48;102;6;0.100000001
10604;76;144;10;0.100000001
10605;16;139.6;30;0.050000001
10605;59;440;20;0.050000001
10605;60;272;70;0.050000001
10605;71;172;15;0.050000001
10606;4;176;20;0.200000003
10606;55;192;20;0.200000003
10606;62;394.4;10;0.200000003
10607;7;240;45;0
10607;17;312;100;0
10607;33;20;14;0
10607;40;147.2;42;0
10607;72;278.4;12;0
10608;56;304;28;0
10609;1;144;3;0
10609;10;248;10;0
10609;21;80;6;0
10610;36;152;21;0.25
10611;1;144;6;0
10611;2;152;10;0
10611;60;272;15;0
10612;10;248;70;0
10612;36;152;55;0
10612;49;160;18;0
10612;60;272;40;0
10612;76;144;80;0
10613;13;48;8;0.100000001
10613;75;62;40;0
10614;11;168;14;0
10614;21;80;8;0
10614;39;144;5;0
10615;55;192;5;0
10616;38;2 108,00;15;0.050000001
10616;56;304;14;0
10616;70;120;15;0.050000001
10616;71;172;15;0.050000001
10617;59;440;30;0.150000006
10618;6;200;70;0
10618;56;304;20;0
10618;68;100;15;0
10619;21;80;42;0
10619;22;168;40;0
10620;24;36;5;0
10620;52;56;5;0
10621;19;73.6;5;0
10621;23;72;10;0
10621;70;120;20;0
10621;71;172;15;0
10622;2;152;20;0
10622;68;100;18;0.200000003
10623;14;186;21;0
10623;19;73.6;15;0.100000001
10623;21;80;25;0.100000001
10623;24;36;3;0
10623;35;144;30;0.100000001
10624;28;364.8;10;0
10624;29;990.32;6;0
10624;44;155.6;10;0
10625;14;186;3;0
10625;42;112;5;0
10625;60;272;10;0
10626;53;262.4;12;0
10626;60;272;20;0
10626;71;172;20;0
10627;62;394.4;15;0
10627;73;120;35;0.150000006
10628;1;144;25;0
10629;29;990.32;20;0
10629;64;266;9;0
10630;55;192;12;0.050000001
10630;76;144;35;0
10631;75;62;8;0.100000001
10632;2;152;30;0.050000001
10632;33;20;20;0.050000001
10633;12;304;36;0.150000006
10633;13;48;13;0.150000006
10633;26;249.84;35;0.150000006
10633;62;394.4;80;0.150000006
10634;7;240;35;0
10634;18;500;50;0
10634;51;424;15;0
10634;75;62;2;0
10635;4;176;10;0.100000001
10635;5;170.8;15;0.100000001
10635;22;168;40;0
10636;4;176;25;0
10636;58;106;6;0
10637;11;168;10;0
10637;50;130;25;0.050000001
10637;56;304;60;0.050000001
10638;45;76;20;0
10638;65;168.4;21;0
10638;72;278.4;60;0
10639;18;500;8;0
10640;69;288;20;0.25
10640;70;120;15;0.25
10641;2;152;50;0
10641;40;147.2;60;0
10642;21;80;30;0.200000003
10642;61;228;20;0.200000003
10643;23;72;2;0.25
10643;42;112;15;0.25
10643;56;304;21;0.25
10644;18;500;4;0.100000001
10644;43;368;20;0
10644;46;96;21;0.100000001
10645;18;500;20;0
10645;36;152;15;0
10646;1;144;15;0.25
10646;10;248;18;0.25
10646;71;172;30;0.25
10646;77;104;35;0.25
10647;19;73.6;30;0
10647;39;144;20;0
10648;22;168;15;0
10648;24;36;15;0.150000006
10649;28;364.8;20;0
10649;72;278.4;15;0
10650;30;207.12;30;0
10650;53;262.4;25;0.050000001
10650;54;59.6;30;0
10651;19;73.6;12;0.25
10651;22;168;20;0.25
10652;30;207.12;2;0.25
10652;42;112;20;0
10653;16;139.6;30;0.100000001
10653;60;272;20;0.100000001
10654;4;176;12;0.100000001
10654;39;144;20;0.100000001
10654;54;59.6;6;0.100000001
10655;41;77.2;20;0.200000003
10656;14;186;3;0.100000001
10656;44;155.6;28;0.100000001
10656;47;76;6;0.100000001
10657;15;124;50;0
10657;41;77.2;24;0
10657;46;96;45;0
10657;47;76;10;0
10657;56;304;45;0
10657;60;272;30;0
10658;21;80;60;0
10658;40;147.2;70;0.050000001
10658;60;272;55;0.050000001
10658;77;104;70;0.050000001
10659;31;100;20;0.050000001
10659;40;147.2;24;0.050000001
10659;70;120;40;0.050000001
10660;20;648;21;0
10661;39;144;3;0.200000003
10661;58;106;49;0.200000003
10662;68;100;10;0
10663;40;147.2;30;0.050000001
10663;42;112;30;0.050000001
10663;51;424;20;0.050000001
10664;10;248;24;0.150000006
10664;56;304;12;0.150000006
10664;65;168.4;15;0.150000006
10665;51;424;20;0
10665;59;440;1;0
10665;76;144;10;0
10666;29;990.32;36;0
10666;65;168.4;10;0
10667;69;288;45;0.200000003
10667;71;172;14;0.200000003
10668;31;100;8;0.100000001
10668;55;192;4;0.100000001
10668;64;266;15;0.100000001
10669;36;152;30;0
10670;23;72;32;0
10670;46;96;60;0
10670;67;112;25;0
10670;73;120;50;0
10670;75;62;25;0
10671;16;139.6;10;0
10671;62;394.4;10;0
10671;65;168.4;12;0
10672;38;2 108,00;15;0.100000001
10672;71;172;12;0
10673;16;139.6;3;0
10673;42;112;6;0
10673;43;368;6;0
10674;23;72;5;0
10675;14;186;30;0
10675;53;262.4;10;0
10675;58;106;30;0
10676;10;248;2;0
10676;19;73.6;7;0
10676;44;155.6;21;0
10677;26;249.84;30;0.150000006
10677;33;20;8;0.150000006
10678;12;304;100;0
10678;33;20;30;0
10678;41;77.2;120;0
10678;54;59.6;30;0
10679;59;440;12;0
10680;16;139.6;50;0.25
10680;31;100;20;0.25
10680;42;112;40;0.25
10681;19;73.6;30;0.100000001
10681;21;80;12;0.100000001
10681;64;266;28;0
10682;33;20;30;0
10682;66;136;4;0
10682;75;62;30;0
10683;52;56;9;0
10684;40;147.2;20;0
10684;47;76;40;0
10684;60;272;30;0
10685;10;248;20;0
10685;41;77.2;4;0
10685;47;76;15;0
10686;17;312;30;0.200000003
10686;26;249.84;15;0
10687;9;776;50;0.25
10687;29;990.32;10;0
10687;36;152;6;0.25
10688;10;248;18;0.100000001
10688;28;364.8;60;0.100000001
10688;34;112;14;0
10689;1;144;35;0.25
10690;56;304;20;0.25
10690;77;104;30;0.25
10691;1;144;30;0
10691;29;990.32;40;0
10691;43;368;40;0
10691;44;155.6;24;0
10691;62;394.4;48;0
10692;63;351.2;20;0
10693;9;776;6;0
10693;54;59.6;60;0.150000006
10693;69;288;30;0.150000006
10693;73;120;15;0.150000006
10694;7;240;90;0
10694;59;440;25;0
10694;70;120;50;0
10695;8;320;10;0
10695;12;304;4;0
10695;24;36;20;0
10696;17;312;20;0
10696;46;96;18;0
10697;19;73.6;7;0.25
10697;35;144;9;0.25
10697;58;106;30;0.25
10697;70;120;30;0.25
10698;11;168;15;0
10698;17;312;8;0.050000001
10698;29;990.32;12;0.050000001
10698;65;168.4;65;0.050000001
10698;70;120;8;0.050000001
10699;47;76;12;0
10700;1;144;5;0.200000003
10700;34;112;12;0.200000003
10700;68;100;40;0.200000003
10700;71;172;60;0.200000003
10701;59;440;42;0.150000006
10701;71;172;20;0.150000006
10701;76;144;35;0.150000006
10702;3;80;6;0
10702;76;144;15;0
10703;2;152;5;0
10703;59;440;35;0
10703;73;120;35;0
10704;4;176;6;0
10704;24;36;35;0
10704;48;102;24;0
10705;31;100;20;0
10705;32;256;4;0
10706;16;139.6;20;0
10706;43;368;24;0
10706;59;440;8;0
10707;55;192;21;0
10707;57;156;40;0
10707;70;120;28;0.150000006
10708;5;170.8;4;0
10708;36;152;5;0
10709;8;320;40;0
10709;51;424;28;0
10709;60;272;10;0
10710;19;73.6;5;0
10710;47;76;5;0
10711;19;73.6;12;0
10711;41;77.2;42;0
10711;53;262.4;120;0
10712;53;262.4;3;0.050000001
10712;56;304;30;0
10713;10;248;18;0
10713;26;249.84;30;0
10713;45;76;110;0
10713;46;96;24;0
10714;2;152;30;0.25
10714;17;312;27;0.25
10714;47;76;50;0.25
10714;56;304;18;0.25
10714;58;106;12;0.25
10715;10;248;21;0
10715;71;172;30;0
10716;21;80;5;0
10716;51;424;7;0
10716;61;228;10;0
10717;21;80;32;0.050000001
10717;54;59.6;15;0
10717;69;288;25;0.050000001
10718;12;304;36;0
10718;16;139.6;20;0
10718;36;152;40;0
10718;62;394.4;20;0
10719;18;500;12;0.25
10719;30;207.12;3;0.25
10719;54;59.6;40;0.25
10720;35;144;21;0
10720;71;172;8;0
10721;44;155.6;50;0.050000001
10722;2;152;3;0
10722;31;100;50;0
10722;68;100;45;0
10722;75;62;42;0
10723;26;249.84;15;0
10724;10;248;16;0
10724;61;228;5;0
10725;41;77.2;12;0
10725;52;56;4;0
10725;55;192;6;0
10726;4;176;25;0
10726;11;168;5;0
10727;17;312;20;0.050000001
10727;56;304;10;0.050000001
10727;59;440;10;0.050000001
10728;30;207.12;15;0
10728;40;147.2;6;0
10728;55;192;12;0
10728;60;272;15;0
10729;1;144;50;0
10729;21;80;30;0
10729;50;130;40;0
10730;16;139.6;15;0.050000001
10730;31;100;3;0.050000001
10730;65;168.4;10;0.050000001
10731;21;80;40;0.050000001
10731;51;424;30;0.050000001
10732;76;144;20;0
10733;14;186;16;0
10733;28;364.8;20;0
10733;52;56;25;0
10734;6;200;30;0
10734;30;207.12;15;0
10734;76;144;20;0
10735;61;228;20;0.100000001
10735;77;104;2;0.100000001
10736;65;168.4;40;0
10736;75;62;20;0
10737;13;48;4;0
10737;41;77.2;12;0
10738;16;139.6;3;0
10739;36;152;6;0
10739;52;56;18;0
10740;28;364.8;5;0.200000003
10740;35;144;35;0.200000003
10740;45;76;40;0.200000003
10740;56;304;14;0.200000003
10741;2;152;15;0.200000003
10742;3;80;20;0
10742;60;272;50;0
10742;72;278.4;35;0
10743;46;96;28;0.050000001
10744;40;147.2;50;0.200000003
10745;18;500;24;0
10745;44;155.6;16;0
10745;59;440;45;0
10745;72;278.4;7;0
10746;13;48;6;0
10746;42;112;28;0
10746;62;394.4;9;0
10746;69;288;40;0
10747;31;100;8;0
10747;41;77.2;35;0
10747;63;351.2;9;0
10747;69;288;30;0
10748;23;72;44;0
10748;40;147.2;40;0
10748;56;304;28;0
10749;56;304;15;0
10749;59;440;6;0
10749;76;144;10;0
10750;14;186;5;0.150000006
10750;45;76;40;0.150000006
10750;59;440;25;0.150000006
10751;26;249.84;12;0.100000001
10751;30;207.12;30;0
10751;50;130;20;0.100000001
10751;73;120;15;0
10752;1;144;8;0
10752;69;288;3;0
10753;45;76;4;0
10753;74;80;5;0
10754;40;147.2;3;0
10755;47;76;30;0.25
10755;56;304;30;0.25
10755;57;156;14;0.25
10755;69;288;25;0.25
10756;18;500;21;0.200000003
10756;36;152;20;0.200000003
10756;68;100;6;0.200000003
10756;69;288;20;0.200000003
10757;34;112;30;0
10757;59;440;7;0
10757;62;394.4;30;0
10757;64;266;24;0
10758;26;249.84;20;0
10758;52;56;60;0
10758;70;120;40;0
10759;32;256;10;0
10760;25;112;12;0.25
10760;27;351.2;40;0
10760;43;368;30;0.25
10761;25;112;35;0.25
10761;75;62;18;0
10762;39;144;16;0
10762;47;76;30;0
10762;51;424;28;0
10762;56;304;60;0
10763;21;80;40;0
10763;22;168;6;0
10763;24;36;20;0
10764;3;80;20;0.100000001
10764;39;144;130;0.100000001
10765;65;168.4;80;0.100000001
10766;2;152;40;0
10766;7;240;35;0
10766;68;100;40;0
10767;42;112;2;0
10768;22;168;4;0
10768;31;100;50;0
10768;60;272;15;0
10768;71;172;12;0
10769;41;77.2;30;0.050000001
10769;52;56;15;0.050000001
10769;61;228;20;0
10769;62;394.4;15;0
10770;11;168;15;0.25
10771;71;172;16;0
10772;29;990.32;18;0
10772;59;440;25;0
10773;17;312;33;0
10773;31;100;70;0.200000003
10773;75;62;7;0.200000003
10774;31;100;2;0.25
10774;66;136;50;0
10775;10;248;6;0
10775;67;112;3;0
10776;31;100;16;0.050000001
10776;42;112;12;0.050000001
10776;45;76;27;0.050000001
10776;51;424;120;0.050000001
10777;42;112;20;0.200000003
10778;41;77.2;10;0
10779;16;139.6;20;0
10779;62;394.4;20;0
10780;70;120;35;0
10780;77;104;15;0
10781;54;59.6;3;0.200000003
10781;56;304;20;0.200000003
10781;74;80;35;0
10782;31;100;1;0
10783;31;100;10;0
10783;38;2 108,00;5;0
10784;36;152;30;0
10784;39;144;2;0.150000006
10784;72;278.4;30;0.150000006
10785;10;248;10;0
10785;75;62;10;0
10786;8;320;30;0.200000003
10786;30;207.12;15;0.200000003
10786;75;62;42;0.200000003
10787;2;152;15;0.050000001
10787;29;990.32;20;0.050000001
10788;19;73.6;50;0.050000001
10788;75;62;40;0.050000001
10789;18;500;30;0
10789;35;144;15;0
10789;63;351.2;30;0
10789;68;100;18;0
10790;7;240;3;0.150000006
10790;56;304;20;0.150000006
10791;29;990.32;14;0.050000001
10791;41;77.2;20;0.050000001
10792;2;152;10;0
10792;54;59.6;3;0
10792;68;100;15;0
10793;41;77.2;14;0
10793;52;56;8;0
10794;14;186;15;0.200000003
10794;54;59.6;6;0.200000003
10795;16;139.6;65;0
10795;17;312;35;0.25
10796;26;249.84;21;0.200000003
10796;44;155.6;10;0
10796;64;266;35;0.200000003
10796;69;288;24;0.200000003
10797;11;168;20;0
10798;62;394.4;2;0
10798;72;278.4;10;0
10799;13;48;20;0.150000006
10799;24;36;20;0.150000006
10799;59;440;25;0
10800;11;168;50;0.100000001
10800;51;424;10;0.100000001
10800;54;59.6;7;0.100000001
10801;17;312;40;0.25
10801;29;990.32;20;0.25
10802;30;207.12;25;0.25
10802;51;424;30;0.25
10802;55;192;60;0.25
10802;62;394.4;5;0.25
10803;19;73.6;24;0.050000001
10803;25;112;15;0.050000001
10803;59;440;15;0.050000001
10804;10;248;36;0
10804;28;364.8;24;0
10804;49;160;4;0.150000006
10805;34;112;10;0
10805;38;2 108,00;10;0
10806;2;152;20;0.25
10806;65;168.4;2;0
10806;74;80;15;0.25
10807;40;147.2;1;0
10808;56;304;20;0.150000006
10808;76;144;50;0.150000006
10809;52;56;20;0
10810;13;48;7;0
10810;25;112;5;0
10810;70;120;5;0
10811;19;73.6;15;0
10811;23;72;18;0
10811;40;147.2;30;0
10812;31;100;16;0.100000001
10812;72;278.4;40;0.100000001
10812;77;104;20;0
10813;2;152;12;0.200000003
10813;46;96;35;0
10814;41;77.2;20;0
10814;43;368;20;0.150000006
10814;48;102;8;0.150000006
10814;61;228;30;0.150000006
10815;33;20;16;0
10816;38;2 108,00;30;0.050000001
10816;62;394.4;20;0.050000001
10817;26;249.84;40;0.150000006
10817;38;2 108,00;30;0
10817;40;147.2;60;0.150000006
10817;62;394.4;25;0.150000006
10818;32;256;20;0
10818;41;77.2;20;0
10819;43;368;7;0
10819;75;62;20;0
10820;56;304;30;0
10821;35;144;20;0
10821;51;424;6;0
10822;62;394.4;3;0
10822;70;120;6;0
10823;11;168;20;0.100000001
10823;57;156;15;0
10823;59;440;40;0.100000001
10823;77;104;15;0.100000001
10824;41;77.2;12;0
10824;70;120;9;0
10825;26;249.84;12;0
10825;53;262.4;20;0
10826;31;100;35;0
10826;57;156;15;0
10827;10;248;15;0
10827;39;144;21;0
10828;20;648;5;0
10828;38;2 108,00;2;0
10829;2;152;10;0
10829;8;320;20;0
10829;13;48;10;0
10829;60;272;21;0
10830;6;200;6;0
10830;39;144;28;0
10830;60;272;30;0
10830;68;100;24;0
10831;19;73.6;2;0
10831;35;144;8;0
10831;38;2 108,00;8;0
10831;43;368;9;0
10832;13;48;3;0.200000003
10832;25;112;10;0.200000003
10832;44;155.6;16;0.200000003
10832;64;266;3;0
10833;7;240;20;0.100000001
10833;31;100;9;0.100000001
10833;53;262.4;9;0.100000001
10834;29;990.32;8;0.050000001
10834;30;207.12;20;0.050000001
10835;59;440;15;0
10835;77;104;2;0.200000003
10836;22;168;52;0
10836;35;144;6;0
10836;57;156;24;0
10836;60;272;60;0
10836;64;266;30;0
10837;13;48;6;0
10837;40;147.2;25;0
10837;47;76;40;0.25
10837;76;144;21;0.25
10838;1;144;4;0.25
10838;18;500;25;0.25
10838;36;152;50;0.25
10839;58;106;30;0.100000001
10839;72;278.4;15;0.100000001
10840;25;112;6;0.200000003
10840;39;144;10;0.200000003
10841;10;248;16;0
10841;56;304;30;0
10841;59;440;50;0
10841;77;104;15;0
10842;11;168;15;0
10842;43;368;5;0
10842;68;100;20;0
10842;70;120;12;0
10843;51;424;4;0.25
10844;22;168;35;0
10845;23;72;70;0.100000001
10845;35;144;25;0.100000001
10845;42;112;42;0.100000001
10845;58;106;60;0.100000001
10845;64;266;48;0
10846;4;176;21;0
10846;70;120;30;0
10846;74;80;20;0
10847;1;144;80;0.200000003
10847;19;73.6;12;0.200000003
10847;37;208;60;0.200000003
10847;45;76;36;0.200000003
10847;60;272;45;0.200000003
10847;71;172;55;0.200000003
10848;5;170.8;30;0
10848;9;776;3;0
10849;3;80;49;0
10849;26;249.84;18;0.150000006
10850;25;112;20;0.150000006
10850;33;20;4;0.150000006
10850;70;120;30;0.150000006
10851;2;152;5;0.050000001
10851;25;112;10;0.050000001
10851;57;156;10;0.050000001
10851;59;440;42;0.050000001
10852;2;152;15;0
10852;17;312;6;0
10852;62;394.4;50;0
10853;18;500;10;0
10854;10;248;100;0.150000006
10854;13;48;65;0.150000006
10855;16;139.6;50;0
10855;31;100;14;0
10855;56;304;24;0
10855;65;168.4;15;0.150000006
10856;2;152;20;0
10856;42;112;20;0
10857;3;80;30;0
10857;26;249.84;35;0.25
10857;29;990.32;10;0.25
10858;7;240;5;0
10858;27;351.2;10;0
10858;70;120;4;0
10859;24;36;40;0.25
10859;54;59.6;35;0.25
10859;64;266;30;0.25
10860;51;424;3;0
10860;76;144;20;0
10861;17;312;42;0
10861;18;500;20;0
10861;21;80;40;0
10861;33;20;35;0
10861;62;394.4;3;0
10862;11;168;25;0
10862;52;56;8;0
10863;1;144;20;0.150000006
10863;58;106;12;0.150000006
10864;35;144;4;0
10864;67;112;15;0
10865;38;2 108,00;60;0.050000001
10865;39;144;80;0.050000001
10866;2;152;21;0.25
10866;24;36;6;0.25
10866;30;207.12;40;0.25
10867;53;262.4;3;0
10868;26;249.84;20;0
10868;35;144;30;0
10868;49;160;42;0.100000001
10869;1;144;40;0
10869;11;168;10;0
10869;23;72;50;0
10869;68;100;20;0
10870;35;144;3;0
10870;51;424;2;0
10871;6;200;50;0.050000001
10871;16;139.6;12;0.050000001
10871;17;312;16;0.050000001
10872;55;192;10;0.050000001
10872;62;394.4;20;0.050000001
10872;64;266;15;0.050000001
10872;65;168.4;21;0.050000001
10873;21;80;20;0
10873;28;364.8;3;0
10874;10;248;10;0
10875;19;73.6;25;0
10875;47;76;21;0.100000001
10875;49;160;15;0
10876;46;96;21;0
10876;64;266;20;0
10877;16;139.6;30;0.25
10877;18;500;25;0
10878;20;648;20;0.050000001
10879;40;147.2;12;0
10879;65;168.4;10;0
10879;76;144;10;0
10880;23;72;30;0.200000003
10880;61;228;30;0.200000003
10880;70;120;50;0.200000003
10881;73;120;10;0
10882;42;112;25;0
10882;49;160;20;0.150000006
10882;54;59.6;32;0.150000006
10883;24;36;8;0
10884;21;80;40;0.050000001
10884;56;304;21;0.050000001
10884;65;168.4;12;0.050000001
10885;2;152;20;0
10885;24;36;12;0
10885;70;120;30;0
10885;77;104;25;0
10886;10;248;70;0
10886;31;100;35;0
10886;77;104;40;0
10887;25;112;5;0
10888;2;152;20;0
10888;68;100;18;0
10889;11;168;40;0
10889;38;2 108,00;40;0
10890;17;312;15;0
10890;34;112;10;0
10890;41;77.2;14;0
10891;30;207.12;15;0.050000001
10892;59;440;40;0.050000001
10893;8;320;30;0
10893;24;36;10;0
10893;29;990.32;24;0
10893;30;207.12;35;0
10893;36;152;20;0
10894;13;48;28;0.050000001
10894;69;288;50;0.050000001
10894;75;62;120;0.050000001
10895;24;36;110;0
10895;39;144;45;0
10895;40;147.2;91;0
10895;60;272;100;0
10896;45;76;15;0
10896;56;304;16;0
10897;29;990.32;80;0
10897;30;207.12;36;0
10898;13;48;5;0
10899;39;144;8;0.150000006
10900;70;120;3;0.25
10901;41;77.2;30;0
10901;71;172;30;0
10902;55;192;30;0.150000006
10902;62;394.4;6;0.150000006
10903;13;48;40;0
10903;65;168.4;21;0
10903;68;100;20;0
10904;58;106;15;0
10904;62;394.4;35;0
10905;1;144;20;0.050000001
10906;61;228;15;0
10907;75;62;14;0
10908;7;240;20;0.050000001
10908;52;56;14;0.050000001
10909;7;240;12;0
10909;16;139.6;15;0
10909;41;77.2;5;0
10910;19;73.6;12;0
10910;49;160;10;0
10910;61;228;5;0
10911;1;144;10;0
10911;17;312;12;0
10911;67;112;15;0
10912;11;168;40;0.25
10912;29;990.32;60;0.25
10913;4;176;30;0.25
10913;33;20;40;0.25
10913;58;106;15;0
10914;71;172;25;0
10915;17;312;10;0
10915;33;20;30;0
10915;54;59.6;10;0
10916;16;139.6;6;0
10916;32;256;6;0
10916;57;156;20;0
10917;30;207.12;1;0
10917;60;272;10;0
10918;1;144;60;0.25
10918;60;272;25;0.25
10919;16;139.6;24;0
10919;25;112;24;0
10919;40;147.2;20;0
10920;50;130;24;0
10921;35;144;10;0
10921;63;351.2;40;0
10922;17;312;15;0
10922;24;36;35;0
10923;42;112;10;0.200000003
10923;43;368;10;0.200000003
10923;67;112;24;0.200000003
10924;10;248;20;0.100000001
10924;28;364.8;30;0.100000001
10924;75;62;6;0
10925;36;152;25;0.150000006
10925;52;56;12;0.150000006
10926;11;168;2;0
10926;13;48;10;0
10926;19;73.6;7;0
10926;72;278.4;10;0
10927;20;648;5;0
10927;52;56;5;0
10927;76;144;20;0
10928;47;76;5;0
10928;76;144;5;0
10929;21;80;60;0
10929;75;62;49;0
10929;77;104;15;0
10930;21;80;36;0
10930;27;351.2;25;0
10930;55;192;25;0.200000003
10930;58;106;30;0.200000003
10931;13;48;42;0.150000006
10931;57;156;30;0
10932;16;139.6;30;0.100000001
10932;62;394.4;14;0.100000001
10932;72;278.4;16;0
10932;75;62;20;0.100000001
10933;53;262.4;2;0
10933;61;228;30;0
10934;6;200;20;0
10935;1;144;21;0
10935;18;500;4;0.25
10935;23;72;8;0.25
10936;36;152;30;0.200000003
10937;28;364.8;8;0
10937;34;112;20;0
10938;13;48;20;0.25
10938;43;368;24;0.25
10938;60;272;49;0.25
10938;71;172;35;0.25
10939;2;152;10;0.150000006
10939;67;112;40;0.150000006
10940;7;240;8;0
10940;13;48;20;0
10941;31;100;44;0.25
10941;62;394.4;30;0.25
10941;68;100;80;0.25
10941;72;278.4;50;0
10942;49;160;28;0
10943;13;48;15;0
10943;22;168;21;0
10943;46;96;15;0
10944;11;168;5;0.25
10944;44;155.6;18;0.25
10944;56;304;18;0
10945;13;48;20;0
10945;31;100;10;0
10946;10;248;25;0
10946;24;36;25;0
10946;77;104;40;0
10947;59;440;4;0
10948;50;130;9;0
10948;51;424;40;0
10948;55;192;4;0
10949;6;200;12;0
10949;10;248;30;0
10949;17;312;6;0
10949;62;394.4;60;0
10950;4;176;5;0
10951;33;20;15;0.050000001
10951;41;77.2;6;0.050000001
10951;75;62;50;0.050000001
10952;6;200;16;0.050000001
10952;28;364.8;2;0
10953;20;648;50;0.050000001
10953;31;100;50;0.050000001
10954;16;139.6;28;0.150000006
10954;31;100;25;0.150000006
10954;45;76;30;0
10954;60;272;24;0.150000006
10955;75;62;12;0.200000003
10956;21;80;12;0
10956;47;76;14;0
10956;51;424;8;0
10957;30;207.12;30;0
10957;35;144;40;0
10957;64;266;8;0
10958;5;170.8;20;0
10958;7;240;6;0
10958;72;278.4;5;0
10959;75;62;20;0.150000006
10960;24;36;10;0.25
10960;41;77.2;24;0
10961;52;56;6;0.050000001
10961;76;144;60;0
10962;7;240;45;0
10962;13;48;77;0
10962;53;262.4;20;0
10962;69;288;9;0
10962;76;144;44;0
10963;60;272;2;0.150000006
10964;18;500;6;0
10964;38;2 108,00;5;0
10964;69;288;10;0
10965;51;424;16;0
10966;37;208;8;0
10966;56;304;12;0.150000006
10966;62;394.4;12;0.150000006
10967;19;73.6;12;0
10967;49;160;40;0
10968;12;304;30;0
10968;24;36;30;0
10968;64;266;4;0
10969;46;96;9;0
10970;52;56;40;0.200000003
10971;29;990.32;14;0
10972;17;312;6;0
10972;33;20;7;0
10973;26;249.84;5;0
10973;41;77.2;6;0
10973;75;62;10;0
10974;63;351.2;10;0
10975;8;320;16;0
10975;75;62;10;0
10976;28;364.8;20;0
10977;39;144;30;0
10977;47;76;30;0
10977;51;424;10;0
10977;63;351.2;20;0
10978;8;320;20;0.150000006
10978;21;80;40;0.150000006
10978;40;147.2;10;0
10978;44;155.6;6;0.150000006
10979;7;240;18;0
10979;12;304;20;0
10979;24;36;80;0
10979;27;351.2;30;0
10979;31;100;24;0
10979;63;351.2;35;0
10980;75;62;40;0.200000003
10981;38;2 108,00;60;0
10982;7;240;20;0
10982;43;368;9;0
10983;13;48;84;0.150000006
10983;57;156;15;0
10984;16;139.6;55;0
10984;24;36;20;0
10984;36;152;40;0
10985;16;139.6;36;0.100000001
10985;18;500;8;0.100000001
10985;32;256;35;0.100000001
10986;11;168;30;0
10986;20;648;15;0
10986;76;144;10;0
10986;77;104;15;0
10987;7;240;60;0
10987;43;368;6;0
10987;72;278.4;20;0
10988;7;240;60;0
10988;62;394.4;40;0.100000001
10989;6;200;40;0
10989;11;168;15;0
10989;41;77.2;4;0
10990;21;80;65;0
10990;34;112;60;0.150000006
10990;55;192;65;0.150000006
10990;61;228;66;0.150000006
10991;2;152;50;0.200000003
10991;70;120;20;0.200000003
10991;76;144;90;0.200000003
10992;72;278.4;2;0
10993;29;990.32;50;0.25
10993;41;77.2;35;0.25
10994;59;440;18;0.050000001
10995;51;424;20;0
10995;60;272;4;0
10996;42;112;40;0
10997;32;256;50;0
10997;46;96;20;0.25
10997;52;56;20;0.25
10998;24;36;12;0
10998;61;228;7;0
10998;74;80;20;0
10998;75;62;30;0
10999;41;77.2;20;0.050000001
10999;51;424;15;0.050000001
10999;77;104;21;0.050000001
11000;4;176;25;0.25
11000;24;36;30;0.25
11000;77;104;30;0
11001;7;240;60;0
11001;22;168;25;0
11001;46;96;25;0
11001;55;192;6;0
11002;13;48;56;0
11002;35;144;15;0.150000006
11002;42;112;24;0.150000006
11002;55;192;40;0
11003;1;144;4;0
11003;40;147.2;10;0
11003;52;56;10;0
11004;26;249.84;6;0
11004;76;144;6;0
11005;1;144;2;0
11005;59;440;10;0
11006;1;144;8;0
11006;29;990.32;2;0.25
11007;8;320;30;0
11007;29;990.32;10;0
11007;42;112;14;0
11008;28;364.8;70;0.050000001
11008;34;112;90;0.050000001
11008;71;172;21;0
11009;24;36;12;0
11009;36;152;18;0.25
11009;60;272;9;0
11010;7;240;20;0
11010;24;36;10;0
11011;58;106;40;0.050000001
11011;71;172;20;0
11012;19;73.6;50;0.050000001
11012;60;272;36;0.050000001
11012;71;172;60;0.050000001
11013;23;72;10;0
11013;42;112;4;0
11013;45;76;20;0
11013;68;100;2;0
11014;41;77.2;28;0.100000001
11015;30;207.12;15;0
11015;77;104;18;0
11016;31;100;15;0
11016;36;152;16;0
11017;3;80;25;0
11017;59;440;110;0
11017;70;120;30;0
11018;12;304;20;0
11018;18;500;10;0
11018;56;304;5;0
11019;46;96;3;0
11019;49;160;2;0
11020;10;248;24;0.150000006
11021;2;152;11;0.25
11021;20;648;15;0
11021;26;249.84;63;0
11021;51;424;44;0.25
11021;72;278.4;35;0
11022;19;73.6;35;0
11022;69;288;30;0
11023;7;240;4;0
11023;43;368;30;0
11024;26;249.84;12;0
11024;33;20;30;0
11024;65;168.4;21;0
11024;71;172;50;0
11025;1;144;10;0.100000001
11025;13;48;20;0.100000001
11026;18;500;8;0
11026;51;424;10;0
11027;24;36;30;0.25
11027;62;394.4;21;0.25
11028;55;192;35;0
11028;59;440;24;0
11029;56;304;20;0
11029;63;351.2;12;0
11030;2;152;100;0.25
11030;5;170.8;70;0
11030;29;990.32;60;0.25
11030;59;440;100;0.25
11031;1;144;45;0
11031;13;48;80;0
11031;24;36;21;0
11031;64;266;20;0
11031;71;172;16;0
11032;36;152;35;0
11032;38;2 108,00;25;0
11032;59;440;30;0
11033;53;262.4;70;0.100000001
11033;69;288;36;0.100000001
11034;21;80;15;0.100000001
11034;44;155.6;12;0
11034;61;228;6;0
11035;1;144;10;0
11035;35;144;60;0
11035;42;112;30;0
11035;54;59.6;10;0
11036;13;48;7;0
11036;59;440;30;0
11037;70;120;4;0
11038;40;147.2;5;0.200000003
11038;52;56;2;0
11038;71;172;30;0
11039;28;364.8;20;0
11039;35;144;24;0
11039;49;160;60;0
11039;57;156;28;0
11040;21;80;20;0
11041;2;152;30;0.200000003
11041;63;351.2;30;0
11042;44;155.6;15;0
11042;61;228;4;0
11043;11;168;10;0
11044;62;394.4;12;0
11045;33;20;15;0
11045;51;424;24;0
11046;12;304;20;0.050000001
11046;32;256;15;0.050000001
11046;35;144;18;0.050000001
11047;1;144;25;0.25
11047;5;170.8;30;0.25
11048;68;100;42;0
11049;2;152;10;0.200000003
11049;12;304;4;0.200000003
11050;76;144;50;0.100000001
11051;24;36;10;0.200000003
11052;43;368;30;0.200000003
11052;61;228;10;0.200000003
11053;18;500;35;0.200000003
11053;32;256;20;0
11053;64;266;25;0.200000003
11054;33;20;10;0
11054;67;112;20;0
11055;24;36;15;0
11055;25;112;15;0
11055;51;424;20;0
11055;57;156;20;0
11056;7;240;40;0
11056;55;192;35;0
11056;60;272;50;0
11057;70;120;3;0
11058;21;80;3;0
11058;60;272;21;0
11058;61;228;4;0
11059;13;48;30;0
11059;17;312;12;0
11059;60;272;35;0
11060;60;272;4;0
11060;77;104;10;0
11061;60;272;15;0
11062;53;262.4;10;0.200000003
11062;70;120;12;0.200000003
11063;34;112;30;0
11063;40;147.2;40;0.100000001
11063;41;77.2;30;0.100000001
11064;17;312;77;0.100000001
11064;41;77.2;12;0
11064;53;262.4;25;0.100000001
11064;55;192;4;0.100000001
11064;68;100;55;0
11065;30;207.12;4;0.25
11065;54;59.6;20;0.25
11066;16;139.6;3;0
11066;19;73.6;42;0
11066;34;112;35;0
11067;41;77.2;9;0
11068;28;364.8;8;0.150000006
11068;43;368;36;0.150000006
11068;77;104;28;0.150000006
11069;39;144;20;0
11070;1;144;40;0.150000006
11070;2;152;20;0.150000006
11070;16;139.6;30;0.150000006
11070;31;100;20;0
11071;7;240;15;0.050000001
11071;13;48;10;0.050000001
11072;2;152;8;0
11072;41;77.2;40;0
11072;50;130;22;0
11072;64;266;130;0
11073;11;168;10;0
11073;24;36;20;0
11074;16;139.6;14;0.050000001
11075;2;152;10;0.150000006
11075;46;96;30;0.150000006
11075;76;144;2;0.150000006
11076;6;200;20;0.25
11076;14;186;20;0.25
11076;19;73.6;10;0.25
11077;2;152;24;0.200000003
11077;3;80;4;0
11077;4;176;1;0
11077;6;200;1;0.02
11077;7;240;1;0.050000001
11077;8;320;2;0.100000001
11077;10;248;1;0
11077;12;304;2;0.050000001
11077;13;48;4;0
11077;14;186;1;0.029999999
11077;16;139.6;2;0.029999999
11077;20;648;1;0.039999999
11077;23;72;2;0
11077;32;256;1;0
11077;39;144;2;0.050000001
11077;41;77.2;3;0
11077;46;96;3;0.02
11077;52;56;2;0
11077;55;192;2;0
11077;60;272;2;0.059999999
11077;64;266;2;0.029999999
11077;66;136;1;0
11077;73;120;2;0.01
11077;75;62;4;0
11077;77;104;2;0
