OrderID;ProductID;UnitPrice;Quantity
1;2201;41.9;1
1002;5205;33.9;3
1002;102181;1652.86;3
1003;2213;48.51;3
1003;5402;13.78;3
1004;402002;274.35;3
1005;1101;14.5;2
1006;1107;16.5;1
1006;5208;33.9;1
1006;5402;14.5;1
1007;1109;16.5;3
1008;301161;726.61;2
1008;302201;431.87;1
1008;303201;329.85;1
1009;1101;14.5;2
1010;101182;2939.85;3
1010;101201;2645.87;2
1010;401001;253.67;3
1011;1102;14.5;2
1012;101171;2939.85;1
1012;101172;2939.85;2
1012;302221;479.85;3
1013;3305;20.81;3
1013;202161;539.85;2
1014;1103;14.5;2
1015;1104;14.5;3
1016;401002;281.85;2
1017;7403;36;2
1018;1105;14.5;3
1018;7403;36;2
1019;1105;14.5;3
1020;5202;33.9;2
1021;6402;9;2
1021;102201;1739.85;3
1022;101202;2792.86;1
1023;303202;296.87;3
1024;1106;16.5;2
1025;101201;2939.85;3
1026;1111;16.5;2
1027;1107;16.5;2
1027;101202;2939.85;1
1028;303221;296.87;1
1029;1107;16.5;3
1030;2202;41.9;3
1030;301201;764.85;1
1031;1108;16.5;2
1032;101151;2939.85;3
1032;101171;2939.85;1
1032;401002;281.85;2
1033;1101;14.5;1
1033;1105;13.05;2
1033;102181;1739.85;2
1034;1109;16.5;2
1035;1110;16.5;2
1036;102221;1739.85;1
1036;402002;274.35;1
1037;1111;16.5;3
1038;103201;899.85;2
1039;2213;53.9;3
1039;202221;485.87;1
1040;2202;41.9;1
1040;401001;281.85;2
1041;301201;764.85;1
1042;2210;53.9;3
1042;5207;32.21;2
1042;5405;23.5;3
1043;301151;726.61;3
1044;2201;41.9;3
1045;5302;9.98;3
1045;301151;764.85;3
1045;302161;479.85;3
1046;5205;33.9;3
1046;7401;23.5;1
1046;202201;539.85;3
1047;5203;33.9;2
1048;303161;329.85;1
1049;1109;16.5;1
1049;5204;33.9;1
1049;102171;1739.85;1
1050;102201;1739.85;1
1051;2202;41.9;2
1051;202181;539.85;1
1052;4104;15.5;1
1052;7403;36;1
1052;201161;832.35;2
1053;5401;14.5;2
1054;2202;41.9;2
1054;3301;4.5;2
1054;4103;13.5;1
1055;103201;899.85;2
1055;303221;329.85;2
1056;303161;329.85;1
1057;103151;809.87;3
1057;303221;329.85;2
1057;402001;274.35;2
1058;303151;313.36;2
1058;401002;281.85;3
1059;5202;33.9;2
1059;303202;296.87;1
1060;1110;16.5;2
1060;4106;15.5;3
1060;5202;33.9;1
1061;2202;41.9;2
1062;3305;21.9;3
1063;201221;832.35;3
1064;2213;48.51;1
1065;4105;15.5;2
1065;301201;764.85;1
1065;302221;479.85;1
1066;2215;53.9;3
1067;4106;14.73;3
1067;303222;329.85;1
1068;2203;41.9;2
1069;201181;749.12;2
1070;102171;1739.85;2
1071;301151;726.61;3
1071;301221;764.85;1
1071;402001;246.92;3
1072;7402;23.5;2
1073;2205;41.9;3
1073;2212;53.9;3
1073;301161;764.85;1
1074;2206;41.9;3
1074;302161;479.85;1
1075;2204;41.9;3
1076;201161;790.73;3
1076;303182;329.85;2
1076;402002;274.35;2
1077;2205;41.9;2
1078;5401;14.5;2
1079;2206;41.9;2
1080;1106;16.5;2
1080;303182;296.87;3
1081;5401;14.5;3
1081;202161;539.85;2
1082;4105;15.5;3
1082;303152;329.85;1
1083;7404;36;1
1084;402001;274.35;2
1085;301161;764.85;1
1086;1104;14.5;2
1086;3304;19.71;2
1086;301221;764.85;3
1087;2214;51.21;1
1087;302202;479.85;3
1088;103221;899.85;1
1088;303152;329.85;3
1089;2215;53.9;3
1089;5404;23.5;1
1090;301201;764.85;2
1091;2207;53.9;3
1092;1111;16.5;2
1092;3301;4.5;2
1093;2208;53.9;2
1094;2209;53.9;3
1095;5204;30.51;2
1095;302181;479.85;1
1095;303182;329.85;3
1096;4105;15.5;1
1096;5301;10.71;3
1097;302201;479.85;3
1098;2204;37.71;1
1098;102151;1739.85;2
1098;301201;764.85;3
1099;1101;13.05;2
1100;2210;53.9;2
1101;2204;41.9;3
1101;5204;33.9;1
1101;402002;274.35;3
1102;303202;329.85;3
1103;2211;53.9;2
1104;2204;39.81;3
1104;202181;539.85;2
1105;2212;53.9;3
1106;3305;21.9;3
1106;103171;854.86;3
1107;2213;53.9;2
1108;102221;1739.85;3
1109;1110;16.5;1
1109;5302;9.48;1
1110;2214;53.9;3
1111;2214;53.9;3
1112;2215;53.9;3
1113;201221;832.35;2
1114;2209;53.9;3
1115;3301;4.5;2
1116;3305;21.9;3
1116;4103;13.5;3
1116;303181;329.85;3
1117;101152;2939.85;2
1117;303162;329.85;2
1118;1106;16.5;3
1119;3302;17.5;2
1120;1111;16.5;2
1120;2202;41.9;1
1121;2206;41.9;1
1121;103181;809.87;1
1122;3305;21.9;3
1122;302182;479.85;2
1123;102171;1739.85;3
1124;3303;19.9;3
1125;3305;19.71;2
1125;7403;36;1
1126;1108;16.5;2
1126;102181;1739.85;2
1126;303181;329.85;1
1127;4103;13.5;3
1127;302202;479.85;1
1128;3304;21.9;3
1129;5205;33.9;1
1129;5404;23.5;1
1129;101221;2939.85;1
1130;7402;23.5;1
1131;1101;13.78;2
1131;303201;329.85;1
1132;1105;14.5;2
1132;5302;9.98;1
1133;5402;14.5;3
1134;3305;21.9;2
1135;2212;53.9;1
1135;5201;33.9;1
1135;201161;832.35;3
1136;2210;53.9;2
1136;101221;2645.87;1
1136;302161;455.86;1
1137;2212;53.9;3
1137;102181;1739.85;3
1137;303202;329.85;2
1138;2202;39.81;2
1139;103151;854.86;1
1139;103221;899.85;2
1140;4101;13.5;2
1141;6401;10.8;2
1142;5208;33.9;3
1142;202181;512.86;2
1143;1107;16.5;3
1143;4102;12.83;1
1144;301151;764.85;2
1145;4102;13.5;2
1146;1103;13.78;2
1146;2203;41.9;2
1146;302162;479.85;2
1147;1102;14.5;3
1147;7401;23.5;2
1147;102171;1739.85;1
1148;1108;16.5;3
1148;2203;39.81;1
1148;5205;33.9;2
1149;303161;329.85;1
1150;2204;41.9;2
1151;101201;2939.85;2
1152;4103;13.5;2
1153;7404;36;2
1154;103221;854.86;2
1155;102201;1739.85;3
1156;101152;2939.85;1
1156;303201;329.85;1
1157;4104;15.5;2
1158;3301;4.5;2
1159;1106;16.5;3
1159;2202;41.9;1
1159;101172;2939.85;3
1160;102201;1739.85;3
1161;103201;899.85;2
1162;4105;15.5;3
1163;4106;15.5;2
1164;5405;22.33;3
1165;7402;23.5;1
1165;103151;899.85;3
1165;303202;329.85;3
1166;5201;33.9;2
1167;2209;53.9;1
1167;101152;2939.85;3
1167;302201;479.85;1
1168;303152;329.85;2
1169;2207;53.9;2
1169;401001;281.85;1
1169;402002;274.35;1
1170;1109;16.5;1
1170;301161;764.85;1
1171;302161;479.85;1
1172;5202;33.9;3
1173;5203;33.9;2
1174;1103;14.5;2
1174;4102;12.15;1
1174;5205;33.9;2
1175;1107;16.5;2
1176;5204;33.9;3
1177;2208;48.51;1
1177;101171;2939.85;2
1177;102201;1652.86;3
1178;303161;329.85;3
1179;303222;329.85;1
1180;5205;33.9;2
1181;3302;16.63;2
1181;101171;2939.85;2
1182;2214;53.9;3
1183;7403;36;1
1184;2207;53.9;3
1184;2214;53.9;3
1184;402002;274.35;3
1185;5205;33.9;3
1185;102171;1739.85;1
1185;301181;764.85;2
1186;4106;15.5;2
1186;202161;539.85;2
1187;302182;479.85;2
1188;5206;33.9;2
1189;1105;14.5;2
1189;4103;13.5;1
1189;5205;33.9;2
1190;1108;16.5;3
1190;302202;479.85;3
1190;303222;329.85;3
1191;202201;539.85;2
1191;303202;329.85;1
1192;2210;53.9;2
1192;103201;899.85;2
1192;202201;539.85;2
1193;5207;33.9;3
1194;1110;16.5;1
1195;2211;53.9;3
1195;5202;30.51;3
1195;5401;13.05;1
1196;5205;33.9;3
1196;302201;479.85;3
1196;303222;313.36;1
1197;101202;2939.85;2
1198;303162;329.85;1
1199;5208;33.9;2
1200;5301;11.9;3
1201;5302;9.98;3
1202;5202;33.9;2
1202;202181;539.85;2
1203;1103;14.5;1
1204;7401;23.5;1
1204;103171;899.85;1
1204;303221;329.85;2
1205;5303;37.9;2
1206;2208;53.9;3
1206;303222;329.85;1
1207;1101;14.5;1
1208;202221;539.85;3
1209;5401;14.5;3
1210;2206;41.9;1
1210;5205;33.9;2
1211;5402;14.5;3
1212;7402;23.5;3
1213;202201;539.85;3
1214;5303;37.9;1
1214;301151;764.85;1
1214;401002;281.85;1
1215;5403;14.5;3
1216;201221;749.12;1
1217;5402;14.5;3
1217;101201;2939.85;1
1217;202161;539.85;3
1218;303151;329.85;3
1219;5404;23.5;3
1220;101221;2939.85;2
1221;1110;16.5;3
1221;101222;2645.87;2
1222;2206;37.71;2
1222;2207;53.9;3
1222;101202;2939.85;2
1223;2203;39.81;3
1223;7402;23.5;1
1223;102171;1739.85;3
1224;5405;23.5;3
1225;101151;2939.85;3
1226;5301;10.71;1
1227;5201;33.9;3
1228;2213;53.9;1
1228;201221;832.35;1
1228;302162;431.87;3
1229;3302;17.5;1
1230;4104;15.5;1
1230;102221;1652.86;1
1231;4101;13.5;2
1231;201161;832.35;3
1232;101182;2939.85;2
1232;301181;764.85;3
1233;1102;13.78;1
1233;2203;41.9;3
1234;4102;13.5;1
1234;103181;854.86;2
1235;201201;832.35;1
1235;302181;479.85;1
1235;303152;329.85;1
1236;303202;329.85;3
1237;2203;41.9;3
1237;2208;53.9;2
1237;301161;764.85;1
1238;1101;14.5;1
1238;5302;9.98;2
1238;303182;329.85;3
1239;5204;33.9;3
1240;2205;41.9;3
1240;5302;9.98;3
1240;102181;1739.85;2
1241;201221;832.35;2
1241;301181;764.85;3
1241;303181;296.87;3
1242;2210;53.9;1
1242;101182;2939.85;1
1243;1104;14.5;1
1243;5303;37.9;3
1244;6401;12;2
1245;103151;899.85;2
1245;202161;539.85;3
1246;1108;14.85;3
1246;101152;2939.85;1
1246;103151;899.85;1
1247;6401;12;3
1248;1110;14.85;2
1248;5401;14.5;2
1248;101151;2939.85;2
1249;6402;9;2
1250;201201;832.35;3
1251;6403;15;3
1252;7401;23.5;3
1253;3301;4.05;1
1253;5206;33.9;1
1253;101172;2645.87;1
1254;201181;832.35;3
1255;1107;16.5;2
1256;7402;23.5;3
1257;6402;9;2
1258;1104;14.5;2
1258;5206;33.9;1
1258;401002;281.85;1
1259;7403;36;3
1260;5205;33.9;1
1261;3301;4.5;2
1262;2211;53.9;3
1262;402002;274.35;3
1263;102151;1565.87;2
1263;103181;899.85;1
1263;401002;281.85;2
1264;5208;32.21;1
1264;101152;2939.85;1
1264;101222;2939.85;1
1265;5403;14.5;2
1266;1107;14.85;1
1266;2201;41.9;2
1266;302202;479.85;3
1267;401001;281.85;3
1268;7404;36;2
1269;101171;2939.85;1
1270;6401;12;3
1270;103151;899.85;3
1271;201161;832.35;1
1272;2210;48.51;1
1273;1104;14.5;1
1273;2215;51.21;3
1273;202181;539.85;1
1274;1108;16.5;3
1274;2207;53.9;2
1274;2210;53.9;3
1275;303161;296.87;2
1276;5302;9.98;3
1276;101181;2939.85;1
1276;401001;281.85;3
1277;101151;2939.85;3
1278;2211;53.9;2
1278;103151;899.85;1
1279;4103;13.5;3
1279;6401;12;2
1279;102201;1739.85;2
1280;101152;2939.85;3
1281;101171;2939.85;2
1282;7403;36;2
1282;201181;749.12;3
1283;2208;53.9;1
1284;2210;53.9;1
1284;4104;15.5;3
1285;5202;33.9;2
1285;301181;764.85;2
1286;7402;23.5;3
1286;102181;1739.85;3
1286;301221;726.61;2
1287;3303;19.9;2
1287;5401;14.5;2
1287;5403;14.5;3
1288;101172;2939.85;3
1289;1110;16.5;1
1289;103151;899.85;3
1289;303181;329.85;3
1290;2202;41.9;1
1290;4103;12.15;3
1291;1104;14.5;1
1291;303161;329.85;1
1292;202181;485.87;3
1292;302182;479.85;3
1293;101222;2939.85;1
1293;103171;899.85;1
1294;101181;2939.85;2
1295;301201;764.85;3
1296;101222;2939.85;2
1296;401002;267.76;3
1297;101182;2939.85;3
1298;6402;9;3
1299;101201;2939.85;3
1300;1108;16.5;3
1300;101202;2939.85;2
1301;101201;2939.85;3
1302;101202;2939.85;2
1303;5301;11.9;3
1303;302161;479.85;1
1303;303182;329.85;3
1304;1101;14.5;2
1304;5405;23.5;1
1304;101181;2645.87;2
1305;1108;16.5;1
1305;5208;33.9;1
1305;302222;479.85;2
1306;1106;16.5;3
1306;3301;4.5;3
1306;102171;1565.87;2
1307;1101;14.5;1
1307;1111;16.5;2
1307;301221;764.85;2
1308;1111;16.5;3
1308;103181;899.85;1
1309;5206;33.9;3
1309;6401;12;2
1309;101172;2645.87;3
1310;1101;14.5;3
1310;1104;14.5;1
1311;5405;23.5;1
1311;101181;2939.85;2
1311;303151;329.85;1
1312;2202;41.9;1
1312;302162;479.85;1
1312;401001;267.76;1
1313;102171;1739.85;2
1314;2215;53.9;2
1314;101222;2792.86;3
1315;7401;23.5;1
1316;201161;832.35;2
1317;101221;2939.85;3
1318;2208;53.9;3
1318;401001;281.85;3
1319;102151;1739.85;3
1320;3303;19.9;3
1320;202201;539.85;3
1321;101222;2939.85;3
1322;102151;1739.85;2
1323;102171;1739.85;3
1324;5401;13.05;3
1324;6401;11.4;3
1324;102171;1739.85;2
1325;303222;329.85;1
1326;1101;14.5;2
1327;102181;1739.85;2
1328;2215;53.9;1
1328;301151;764.85;2
1328;302201;431.87;2
1329;2203;41.9;2
1329;3305;21.9;3
1330;1107;16.5;1
1331;1107;16.5;1
1331;2212;53.9;3
1332;102201;1739.85;3
1333;2203;41.9;2
1333;4103;13.5;3
1333;301161;764.85;3
1334;102221;1739.85;3
1335;103151;899.85;2
1336;103171;899.85;2
1337;2209;53.9;2
1337;302221;479.85;2
1338;103181;899.85;2
1339;101201;2645.87;3
1339;302222;479.85;2
1340;103201;899.85;3
1341;2213;51.21;2
1341;101151;2939.85;3
1341;103201;899.85;3
1342;103221;899.85;3
1343;102151;1739.85;1
1343;302221;479.85;2
1343;401002;281.85;3
1344;5201;33.9;3
1344;201201;832.35;2
1344;302161;479.85;1
1345;1102;14.5;2
1345;5405;23.5;2
1346;5201;32.21;3
1346;6402;9;3
1346;301161;764.85;1
1347;201161;832.35;2
1348;4104;15.5;1
1348;101152;2939.85;2
1349;5404;23.5;3
1350;2209;48.51;2
1350;303181;329.85;1
1351;201181;832.35;2
1352;401001;267.76;1
1353;201201;832.35;2
1354;2202;41.9;1
1354;6402;9;3
1355;2205;39.81;1
1355;103221;899.85;1
1355;302201;455.86;2
1356;5404;23.5;1
1356;302181;455.86;3
1357;201221;832.35;2
1358;202161;539.85;3
1359;201181;832.35;3
1359;202161;539.85;3
1360;1106;14.85;1
1360;4105;15.5;3
1361;202181;539.85;2
1362;2203;37.71;3
1362;102181;1739.85;1
1362;401002;281.85;3
1363;202201;539.85;2
1364;5208;33.9;3
1365;302181;479.85;1
1366;301201;764.85;1
1367;202221;539.85;3
1368;4105;15.5;2
1369;301151;764.85;2
1370;301161;764.85;2
1371;4105;15.5;3
1371;201221;832.35;3
1372;5401;14.5;1
1372;103171;899.85;1
1372;202221;539.85;3
1373;301181;764.85;2
1374;1103;14.5;2
1374;1104;14.5;1
1375;301161;764.85;2
1376;401002;281.85;2
1377;301201;764.85;3
1378;302221;479.85;2
1379;4106;15.5;2
1379;302182;479.85;2
1380;2204;41.9;1
1381;303202;329.85;3
1382;301221;764.85;3
1383;302161;479.85;3
1384;1109;16.5;2
1384;302182;479.85;1
1385;2204;41.9;1
1385;5203;33.9;2
1386;5303;34.11;1
1387;2209;53.9;1
1387;3305;21.9;1
1387;302201;479.85;3
1388;302162;479.85;3
1389;301161;764.85;1
1390;1109;16.5;3
1391;2201;41.9;1
1391;101152;2939.85;2
1391;101202;2939.85;3
1392;4105;15.5;3
1393;1111;16.5;3
1393;5208;33.9;1
1394;1107;16.5;1
1394;2207;53.9;3
1394;101152;2792.86;2
1395;101221;2939.85;2
1395;102151;1739.85;2
1396;301181;764.85;1
1397;302181;479.85;3
1398;103171;899.85;1
1398;201201;749.12;3
1399;2213;53.9;1
1400;5401;13.05;3
1400;6402;8.1;1
1401;5402;14.5;1
1402;3303;17.91;2
1402;302201;479.85;1
1403;102221;1739.85;3
1404;2211;53.9;1
1404;4103;13.5;2
1404;5401;14.5;1
1405;302182;479.85;3
1406;101181;2939.85;2
1406;101222;2939.85;1
1406;102171;1652.86;1
1407;202221;539.85;3
1408;302201;479.85;2
1409;302202;479.85;3
1410;1107;16.5;2
1410;101172;2939.85;1
1411;1102;14.5;1
1411;2205;41.9;3
1411;3302;17.5;2
1412;5303;37.9;1
1412;101221;2939.85;3
1412;303152;329.85;1
1413;2204;41.9;3
1413;102221;1739.85;2
1414;301181;764.85;3
1414;303181;329.85;2
1415;2212;53.9;3
1415;4103;13.5;3
1415;6402;9;2
1416;202201;539.85;1
1417;5401;13.78;1
1417;103151;899.85;2
1418;302221;479.85;3
1419;302222;479.85;3
1420;202201;539.85;3
1421;303151;329.85;3
1422;301181;764.85;3
1423;3305;21.9;2
1423;302202;431.87;1
1423;303162;329.85;2
1424;3301;4.5;2
1425;5301;11.9;2
1425;301181;764.85;1
1425;303221;329.85;1
1426;303152;329.85;3
1427;2209;53.9;1
1428;1107;15.68;2
1429;301181;764.85;3
1430;201161;790.73;3
1430;301161;764.85;1
1430;401002;281.85;3
1431;5303;37.9;1
1431;201181;832.35;2
1432;2205;37.71;1
1432;102151;1739.85;1
1432;302221;455.86;1
1433;2208;48.51;1
1433;5405;23.5;2
1434;102181;1739.85;1
1435;301161;764.85;1
1436;1110;14.85;2
1436;3304;21.9;3
1436;4101;12.15;1
1437;302222;479.85;2
1438;2202;41.9;3
1438;101182;2939.85;1
1439;3304;21.9;1
1439;101201;2939.85;1
1440;5405;23.5;3
1440;101151;2939.85;3
1441;2208;53.9;1
1441;101222;2792.86;3
1441;302202;479.85;3
1442;303161;329.85;3
1443;303162;329.85;3
1444;302201;479.85;3
1445;303181;329.85;2
1446;2201;41.9;3
1446;101152;2939.85;1
1447;201161;832.35;3
1447;303151;329.85;2
1448;303202;329.85;3
1449;103221;899.85;2
1449;302202;479.85;1
1449;303182;329.85;2
1450;5401;14.5;1
1450;202161;539.85;3
1450;202201;539.85;2
1451;302162;479.85;1
1451;302201;455.86;1
1451;402001;274.35;2
1452;303182;329.85;2
1453;2204;41.9;2
1453;7404;34.2;3
1453;301201;764.85;2
1454;4103;13.5;1
1455;303201;329.85;3
1456;202221;539.85;1
1457;303202;329.85;2
1458;303221;329.85;2
1459;301181;764.85;2
1459;302221;479.85;2
1460;303222;329.85;2
1461;401001;281.85;3
1462;303222;329.85;2
1463;5401;14.5;2
1464;302181;479.85;3
1465;401002;281.85;3
1466;5203;33.9;1
1467;1101;14.5;1
1467;5402;14.5;2
1467;7403;36;3
1468;7401;23.5;1
1468;302181;479.85;2
1469;2213;53.9;2
1469;302202;479.85;1
1470;301201;764.85;3
1470;302162;479.85;3
1471;402001;274.35;2
1472;402002;274.35;3
1473;303221;329.85;3
1474;1101;14.5;2
1475;5202;33.9;1
1475;5402;14.5;3
1475;101201;2645.87;3
1476;5206;32.21;2
1476;102151;1739.85;2
1477;1102;14.5;2
1478;1103;14.5;2
1479;1102;14.5;3
1479;303222;313.36;2
1480;4104;14.73;1
1481;1106;16.5;2
1481;303151;329.85;3
1481;303222;329.85;1
1482;201161;749.12;3
1482;303161;329.85;3
1483;5204;33.9;3
1483;6401;12;2
1484;301221;764.85;3
1485;3305;21.9;3
1486;2205;41.9;2
1486;3304;20.81;1
1486;301221;764.85;3
1487;1104;14.5;3
1488;1105;14.5;3
1489;5402;14.5;3
1490;1107;16.5;3
1490;5206;33.9;1
1490;303151;329.85;3
1491;3304;21.9;1
1491;3305;21.9;3
1491;102151;1739.85;1
1492;101181;2792.86;1
1492;102201;1739.85;3
1493;301151;764.85;2
1493;301221;764.85;1
1494;3301;4.05;1
1495;5208;33.9;2
1495;103151;899.85;1
1495;103221;899.85;1
1496;5404;21.15;2
1496;301151;764.85;1
1496;303162;296.87;3
1497;101151;2939.85;2
1498;1106;16.5;3
1499;1111;16.5;2
1499;301161;764.85;2
1500;2206;41.9;2
1501;1101;14.5;3
1502;101221;2939.85;2
1502;102181;1739.85;2
1502;303161;329.85;1
1503;2212;53.9;3
1504;1108;16.5;3
1504;103201;899.85;3
1504;303201;329.85;2
1505;2208;48.51;2
1505;102201;1739.85;2
1506;102181;1739.85;2
1507;1107;16.5;3
1508;4101;12.83;3
1508;5405;23.5;2
1508;303162;329.85;1
1509;5208;33.9;2
1510;1108;16.5;3
1511;1109;16.5;3
1512;1101;14.5;3
1512;303151;296.87;1
1512;303182;329.85;3
1513;2205;41.9;3
1513;5402;14.5;2
1514;6402;9;3
1514;301181;764.85;3
1514;302181;479.85;2
1515;101172;2939.85;3
1516;303181;313.36;2
1517;301181;764.85;3
1517;302202;479.85;3
1518;103181;899.85;3
1519;2201;41.9;1
1519;5201;33.9;1
1519;5208;33.9;2
1520;1103;14.5;3
1520;101172;2792.86;2
1521;102171;1739.85;2
1522;302221;479.85;1
1523;1110;16.5;3
1523;103221;899.85;1
1524;2207;53.9;3
1524;102181;1565.87;3
1524;301181;764.85;3
1525;1110;16.5;3
1526;2205;41.9;3
1527;5201;33.9;3
1527;7402;23.5;1
1527;103151;899.85;3
1528;2215;53.9;1
1528;7401;22.33;1
1529;101221;2939.85;2
1530;101171;2939.85;2
1531;2214;51.21;3
1531;201161;832.35;1
1532;1111;16.5;2
1533;2207;48.51;2
1534;2201;41.9;2
1535;5401;14.5;1
1536;1110;16.5;2
1536;5208;33.9;3
1536;5303;37.9;1
1537;1101;14.5;3
1537;5203;33.9;3
1537;103151;899.85;2
1538;2212;53.9;2
1538;301151;764.85;1
1539;5205;33.9;2
1539;302202;431.87;2
1539;303152;329.85;2
1540;1106;16.5;1
1541;2211;53.9;2
1541;101171;2939.85;3
1541;101222;2939.85;1
1542;5404;23.5;3
1543;2201;41.9;2
1543;4104;15.5;1
1543;5404;23.5;1
1544;202161;539.85;2
1544;302181;479.85;1
1545;2202;41.9;2
1546;2213;53.9;2
1547;2201;41.9;3
1547;302181;479.85;3
1547;303181;329.85;1
1548;5207;33.9;1
1548;103201;809.87;3
1548;402001;260.63;2
1549;2203;41.9;2
1550;5202;33.9;1
1550;303222;313.36;3
1551;2204;41.9;3
1552;2205;41.9;3
1553;1110;16.5;1
1553;302222;479.85;2
1554;3301;4.5;1
1555;2201;41.9;3
1556;2205;41.9;3
1556;2214;53.9;1
1557;2215;53.9;1
1558;2201;41.9;2
1559;2210;53.9;3
1559;2215;53.9;2
1559;5206;33.9;1
1560;2206;41.9;2
1561;2208;48.51;1
1561;303222;313.36;3
1562;2210;53.9;1
1563;303161;329.85;2
1564;2207;53.9;3
1565;1105;13.78;1
1565;101182;2792.86;2
1565;102221;1739.85;1
1566;5207;33.9;2
1566;202201;539.85;3
1567;301151;764.85;2
1568;1107;16.5;2
1568;101152;2939.85;3
1569;1104;14.5;3
1569;402002;274.35;2
1570;2208;53.9;3
1571;302161;479.85;3
1571;303151;329.85;2
1571;303162;329.85;1
1572;2207;53.9;3
1573;303181;329.85;1
1574;3301;4.05;2
1574;5205;30.51;2
1574;402001;274.35;1
1575;5401;14.5;2
1575;303151;329.85;2
1575;303222;313.36;2
1576;402002;274.35;3
1577;2203;41.9;2
1577;2213;53.9;3
1577;101221;2645.87;2
1578;2215;53.9;2
1578;303202;329.85;2
1579;2212;53.9;3
1579;4105;15.5;1
1579;5402;14.5;2
1580;2209;53.9;3
1581;2207;53.9;3
1581;301221;764.85;1
1582;4101;13.5;3
1582;402002;274.35;2
1583;301181;764.85;2
1584;1111;16.5;1
1585;2210;53.9;1
1585;101181;2939.85;3
1585;303182;329.85;1
1586;102181;1739.85;1
1586;103171;899.85;3
1586;302221;479.85;1
1587;2210;53.9;2
1588;302221;455.86;3
1588;303222;313.36;1
1589;303201;296.87;3
1590;5201;33.9;1
1590;301161;764.85;3
1591;303161;329.85;3
1592;5301;11.9;3
1592;101202;2939.85;2
1592;201201;832.35;3
1593;4103;13.5;2
1593;202181;539.85;1
1593;302162;431.87;3
1594;2211;53.9;2
1595;2201;41.9;3
1595;5201;33.9;3
1596;5203;33.9;1
1596;201201;832.35;2
1596;302202;479.85;3
1597;2214;53.9;3
1597;303222;329.85;2
1598;2212;53.9;2
1599;1109;16.5;1
1599;103201;899.85;1
1599;301181;764.85;2
1600;7401;23.5;2
1600;101222;2939.85;1
1600;102151;1739.85;1
1601;2205;41.9;1
1601;6402;9;3
1602;101172;2939.85;2
1602;201181;832.35;1
1602;201221;832.35;1
1603;2213;53.9;3
1604;2214;53.9;2
1605;103221;899.85;2
1606;101182;2939.85;1
1606;302201;431.87;1
1607;101221;2939.85;3
1608;1106;16.5;3
1608;2204;41.9;1
1609;2215;53.9;3
1610;1101;14.5;3
1611;3301;4.5;3
1612;3302;17.5;3
1613;3302;17.5;1
1613;6401;12;1
1614;303202;313.36;1
1615;402001;274.35;2
1616;1109;16.5;2
1616;5205;33.9;1
1617;2202;41.9;3
1617;5201;33.9;1
1617;303182;329.85;3
1618;3303;19.9;3
1619;302182;479.85;2
1619;302202;479.85;1
1619;303181;329.85;2
1620;202161;539.85;2
1621;2207;53.9;1
1621;302222;479.85;1
1622;2205;41.9;3
1623;2210;53.9;3
1623;3303;19.9;3
1623;102181;1652.86;3
1624;1107;16.5;3
1624;3303;19.9;2
1624;402002;274.35;1
1625;3304;21.9;3
1626;5405;23.5;1
1626;6403;15;3
1627;302161;479.85;1
1628;2211;53.9;2
1628;3302;17.5;1
1628;101201;2939.85;2
1629;5206;32.21;2
1629;102151;1652.86;2
1630;3302;17.5;1
1630;5207;33.9;1
1631;5208;33.9;1
1632;2211;48.51;2
1633;101171;2939.85;2
1634;3305;21.9;3
1635;303152;329.85;2
1636;101171;2939.85;2
1636;201201;832.35;2
1636;303161;329.85;1
1637;4101;13.5;2
1638;4102;13.5;3
1639;5206;33.9;1
1640;5301;11.9;3
1640;103151;899.85;3
1641;1105;14.5;1
1641;201201;790.73;1
1641;301181;764.85;1
1642;101201;2939.85;1
1642;102151;1739.85;3
1643;4103;13.5;2
1644;201161;832.35;3
1644;303221;329.85;1
1645;4104;15.5;3
1646;5201;33.9;1
1646;101151;2939.85;3
1646;103171;899.85;3
1647;2202;41.9;1
1647;303201;313.36;1
1648;1105;14.5;3
1648;4101;13.5;3
1648;303181;329.85;1
1649;1109;16.5;2
1649;5402;14.5;3
1649;302182;479.85;2
1650;4105;15.5;3
1651;4106;15.5;3
1652;101152;2939.85;3
1652;102221;1739.85;3
1653;201201;832.35;1
1653;302182;479.85;2
1653;303202;329.85;3
1654;101222;2939.85;3
1655;1101;14.5;1
1655;301151;688.37;3
1655;303152;329.85;1
1656;1104;14.5;1
1656;1111;16.5;1
1656;2206;41.9;1
1657;5206;33.9;3
1657;101221;2939.85;2
1657;201221;832.35;2
1658;1105;14.5;3
1658;2208;53.9;1
1658;5403;14.5;3
1659;101221;2939.85;3
1659;303162;313.36;3
1659;401002;281.85;3
1660;5405;23.5;1
1660;202161;539.85;2
1661;5201;33.9;2
1662;5202;33.9;2
1663;5203;33.9;3
1664;1110;16.5;1
1664;202161;539.85;1
1665;1105;14.5;1
1665;1110;16.5;2
1665;5303;37.9;3
1666;1104;14.5;3
1666;101171;2939.85;3
1666;103181;899.85;2
1667;302201;479.85;2
1668;302202;431.87;2
1668;402001;274.35;1
1669;2206;41.9;3
1669;101171;2939.85;2
1669;101202;2939.85;1
1670;5204;33.9;2
1671;102181;1739.85;1
1672;5205;33.9;3
1673;301221;764.85;2
1674;5206;33.9;3
1675;101182;2939.85;1
1675;103151;899.85;2
1675;301221;764.85;2
1676;4106;13.95;1
1676;102181;1739.85;2
1677;1103;14.5;3
1678;5301;11.9;2
1678;302201;479.85;3
1679;303152;329.85;1
1680;5401;14.5;1
1680;202161;539.85;1
1681;3304;21.9;2
1682;103181;899.85;3
1682;402002;274.35;2
1683;2203;41.9;3
1683;103221;899.85;1
1684;1104;14.5;2
1684;401001;281.85;2
1685;1111;16.5;3
1686;1105;14.5;1
1686;5201;33.9;1
1686;6403;15;1
1687;5205;33.9;1
1687;401001;281.85;3
1688;301161;764.85;2
1688;301201;764.85;3
1689;201161;790.73;3
1689;301151;764.85;1
1689;302201;479.85;2
1690;1111;16.5;2
1690;303151;329.85;2
1691;5207;33.9;3
1692;1104;14.5;1
1692;3303;19.9;1
1692;4106;15.5;2
1693;2207;53.9;1
1694;5208;33.9;3
1695;302202;479.85;2
1696;5301;11.9;2
1697;1103;14.5;1
1697;1104;14.5;3
1697;2207;53.9;1
1698;4104;15.5;1
1698;5206;33.9;3
1698;303161;313.36;1
1699;5302;9.98;3
1700;402001;274.35;2
1701;5303;37.9;3
1702;301161;764.85;1
1703;5401;14.5;3
1704;5201;33.9;3
1704;303182;329.85;2
1705;2209;53.9;2
1705;2213;53.9;3
1706;1102;14.5;1
1706;3301;4.5;2
1706;303161;329.85;2
1707;103221;899.85;1
1707;201221;790.73;1
1707;301161;764.85;3
1708;5401;14.5;2
1708;7401;23.5;1
1709;2204;41.9;3
1709;303181;329.85;3
1709;303182;329.85;1
1710;301161;764.85;1
1710;303152;329.85;3
1710;401002;281.85;2
1711;2201;41.9;1
1711;3304;21.9;2
1711;302201;479.85;1
1712;5402;14.5;3
1713;5403;14.5;3
1714;1109;16.5;2
1715;6403;15;2
1715;301201;764.85;3
1716;5404;23.5;3
1717;5405;23.5;3
1718;101221;2939.85;3
1718;102151;1739.85;3
1718;301151;726.61;2
1719;6401;12;3
1720;1102;14.5;3
1720;1111;16.5;1
1720;103221;899.85;1
1721;2203;41.9;3
1721;3301;4.5;2
1721;5202;30.51;3
1722;103181;899.85;3
1723;401001;281.85;3
1724;5404;23.5;3
1724;202161;539.85;3
1725;3303;19.9;2
1725;202161;539.85;2
1726;1109;16.5;2
1726;101221;2939.85;2
1727;6402;9;2
1728;6403;15;2
1729;7401;23.5;2
1730;4104;14.73;3
1731;7402;23.5;2
1732;3302;17.5;2
1733;7403;36;3
1734;2202;41.9;3
1734;2206;41.9;2
1734;5208;33.9;2
1735;4106;13.95;3
1735;103221;854.86;1
1736;7404;36;2
1737;1105;14.5;1
1737;7402;23.5;3
1737;101171;2939.85;1
1738;4106;15.5;3
1738;5403;14.5;3
1738;303152;313.36;3
1739;5205;33.9;3
1739;102221;1739.85;3
1740;101151;2939.85;3
1741;102171;1739.85;3
1741;202201;539.85;2
1741;303162;329.85;1
1742;1105;14.5;3
1742;2212;53.9;2
1742;103221;899.85;3
1743;1111;16.5;3
1743;302221;479.85;3
1744;1106;15.68;3
1744;103151;899.85;1
1744;303222;329.85;1
1745;101152;2939.85;2
1746;2213;53.9;2
1746;101152;2939.85;2
1746;302222;479.85;1
1747;4105;15.5;1
1747;303202;329.85;1
1747;303221;329.85;3
1748;1110;16.5;2
1748;5301;11.9;1
1748;102221;1739.85;1
1749;101171;2939.85;3
1750;2203;41.9;3
1750;103201;899.85;1
1751;3305;21.9;2
1751;101222;2645.87;3
1752;302201;479.85;1
1752;302222;479.85;3
1752;303222;313.36;2
1753;101172;2939.85;2
1754;5204;33.9;3
1754;101181;2939.85;1
1754;103181;854.86;2
1755;2209;53.9;3
1755;7404;34.2;3
1756;3303;19.9;3
1756;302221;479.85;2
1757;2202;41.9;2
1757;102151;1739.85;1
1758;101181;2939.85;3
1759;101182;2939.85;2
1760;1108;16.5;1
1761;3305;21.9;1
1761;202221;539.85;1
1761;303161;329.85;3
1762;101201;2939.85;2
1763;2203;41.9;2
1763;301161;764.85;3
1764;5303;37.9;2
1764;7402;23.5;2
1764;201181;832.35;2
1765;101201;2939.85;2
1765;103201;809.87;2
1765;303152;329.85;1
1766;2210;53.9;2
1767;1111;16.5;3
1767;101152;2939.85;1
1768;5402;14.5;3
1768;101222;2645.87;2
1768;303201;329.85;2
1769;2212;53.9;3
1769;3305;21.9;1
1769;302201;479.85;3
1770;2206;39.81;3
1770;6402;9;3
1770;101151;2792.86;1
1771;5206;33.9;2
1772;2207;53.9;3
1772;5302;9.98;2
1773;101202;2939.85;3
1774;5207;33.9;3
1774;5208;33.9;3
1774;103151;899.85;2
1775;1111;16.5;2
1775;2211;53.9;2
1776;5201;33.9;1
1776;101152;2939.85;2
1777;101221;2939.85;3
1778;302162;479.85;2
1779;2208;53.9;3
1779;3304;21.9;1
1779;302161;455.86;3
1780;2204;41.9;2
1781;7402;23.5;2
1781;303202;329.85;1
1782;5302;9.98;1
1782;5402;14.5;2
1782;201201;832.35;1
1783;2213;53.9;1
1783;5403;13.05;3
1783;402001;260.63;3
1784;101222;2939.85;3
1785;302162;479.85;3
1786;3303;19.9;2
1786;101201;2939.85;2
1786;303222;329.85;1
1787;5207;30.51;1
1787;5404;22.33;2
1787;103181;899.85;2
1788;5403;14.5;1
1788;302181;455.86;2
1788;302221;479.85;1
1789;5301;10.71;3
1789;101181;2939.85;1
1789;202181;539.85;3
1790;301221;726.61;2
1791;5202;33.9;2
1791;5402;14.5;1
1791;303222;296.87;2
1792;1102;13.78;1
1792;103151;899.85;2
1793;102151;1739.85;3
1794;2207;53.9;2
1794;2209;53.9;1
1794;303201;329.85;2
1795;3302;15.75;1
1795;302201;479.85;1
1796;2202;41.9;2
1797;5207;33.9;1
1797;102171;1739.85;1
1798;5208;33.9;1
1798;301161;764.85;1
1799;2212;53.9;2
1799;401001;281.85;1
1800;202221;539.85;2
1800;302182;431.87;1
1800;401001;281.85;1
1801;5202;32.21;2
1801;103171;899.85;3
1801;401002;281.85;2
1802;102171;1739.85;2
1803;402002;274.35;3
1804;1103;14.5;2
1804;303222;329.85;2
1805;201221;832.35;3
1805;303152;296.87;2
1805;303162;329.85;1
1806;101151;2939.85;3
1806;302202;479.85;2
1807;3301;4.5;1
1807;5206;33.9;3
1807;201201;749.12;2
1808;2215;51.21;3
1808;6403;15;2
1808;101202;2939.85;2
1809;1111;16.5;1
1809;103181;899.85;2
1810;1103;14.5;2
1810;1105;14.5;2
1810;302222;431.87;1
1811;2205;41.9;3
1811;2213;53.9;1
1811;101201;2939.85;2
1812;101202;2939.85;1
1813;102181;1739.85;3
1814;303202;329.85;2
1815;102201;1739.85;3
1816;1111;15.68;3
1816;102221;1739.85;1
1817;201161;832.35;3
1818;1104;14.5;1
1818;302202;479.85;1
1818;303152;329.85;2
1819;1107;16.5;2
1819;2203;41.9;2
1820;103201;899.85;2
1821;102151;1739.85;2
1822;102221;1739.85;3
1823;103151;899.85;2
1824;5203;33.9;1
1824;102221;1739.85;2
1824;202161;539.85;1
1825;101152;2939.85;1
1825;302162;479.85;2
1826;2210;53.9;1
1826;2212;53.9;3
1826;101221;2939.85;2
1827;1104;14.5;1
1827;201161;832.35;1
1827;302162;479.85;3
1828;5202;33.9;2
1828;102201;1739.85;3
1829;103171;899.85;2
1830;5405;23.5;2
1830;201161;832.35;1
1831;6402;8.55;1
1831;101202;2939.85;2
1831;303221;329.85;1
1832;5205;33.9;3
1832;6401;12;1
1832;303151;329.85;3
1833;3304;19.71;1
1833;101201;2939.85;3
1833;101221;2939.85;3
1834;201221;832.35;1
1835;1108;16.5;2
1835;1110;16.5;1
1835;102201;1652.86;1
1836;103181;899.85;2
1837;1102;14.5;2
1838;103201;899.85;3
1839;1105;14.5;3
1839;2206;41.9;3
1839;7403;36;2
1840;1106;15.68;3
1840;5204;33.9;3
1840;7401;23.5;2
1841;103221;899.85;2
1842;201161;832.35;2
1843;1110;16.5;3
1843;2206;39.81;1
1844;102151;1739.85;3
1844;202181;539.85;2
1845;3301;4.5;2
1845;5203;33.9;1
1845;6402;9;1
1846;102151;1739.85;2
1847;201181;832.35;2
1848;102171;1739.85;1
1848;201221;832.35;3
1849;2215;53.9;2
1850;1101;14.5;1
1850;7402;23.5;2
1851;3302;17.5;2
1852;5301;11.9;1
1852;101202;2939.85;2
1853;201201;832.35;2
1854;101182;2645.87;3
1854;102151;1565.87;1
1855;1110;16.5;1
1855;5207;33.9;3
1855;102201;1739.85;2
1856;2201;39.81;2
1856;2203;41.9;3
1856;101181;2939.85;3
1857;201221;832.35;2
1858;4104;15.5;1
1858;101201;2939.85;1
1859;5301;11.9;3
1859;302161;479.85;2
1860;2202;41.9;1
1860;2212;53.9;3
1860;302222;479.85;3
1861;103221;899.85;2
1862;2212;53.9;3
1863;102151;1739.85;1
1864;4104;15.5;1
1864;202161;539.85;2
1865;202161;539.85;3
1866;1111;16.5;2
1867;101202;2645.87;1
1867;301161;726.61;3
1867;303162;329.85;2
1868;202181;539.85;3
1869;202201;539.85;3
1870;103181;899.85;2
1870;202201;539.85;1
1871;4102;13.5;3
1872;302162;479.85;2
1873;302222;479.85;2
1874;202221;539.85;2
1875;301151;764.85;3
1876;302162;479.85;2
1876;303222;329.85;2
1877;2201;41.9;3
1877;2213;53.9;2
1877;202221;485.87;2
1878;101172;2939.85;3
1878;101181;2939.85;1
1879;4101;13.5;2
1879;302182;479.85;2
1879;303202;329.85;1
1880;1107;16.5;2
1881;102201;1739.85;2
1882;1111;14.85;3
1882;4106;15.5;2
1882;6402;8.1;1
1883;5405;23.5;2
1883;102171;1739.85;2
1884;5206;33.9;1
1884;7401;23.5;3
1884;102181;1739.85;1
1885;5302;9.48;3
1885;102221;1739.85;3
1885;302182;479.85;2
1886;301161;764.85;3
1887;301181;764.85;2
1888;301201;764.85;2
1889;301221;764.85;2
1890;2201;41.9;1
1890;2202;41.9;3
1890;303151;329.85;2
1891;1101;14.5;1
1891;302202;479.85;1
1892;2210;53.9;2
1892;101172;2792.86;3
1892;101221;2939.85;3
1893;101222;2939.85;2
1893;301221;764.85;1
1894;303221;329.85;1
1895;2206;39.81;1
1895;301221;764.85;2
1896;4101;13.5;3
1896;103201;899.85;2
1896;303201;313.36;3
1897;301151;764.85;2
1898;1106;16.5;3
1899;302161;479.85;3
1900;302162;479.85;2
1901;3302;16.63;2
1901;4102;12.83;3
1901;401001;281.85;2
1902;1102;14.5;3
1902;301181;688.37;2
1903;302181;479.85;3
1904;5202;33.9;2
1904;303221;329.85;3
1905;302182;479.85;2
1906;302201;479.85;3
1907;2205;41.9;3
1907;6402;9;1
1908;4103;13.5;1
1908;303151;329.85;1
1909;2209;48.51;2
1909;5207;33.9;2
1910;5206;33.9;2
1910;202221;539.85;3
1911;302162;479.85;2
1912;2208;53.9;1
1912;101222;2792.86;2
1912;102181;1739.85;3
1913;1111;14.85;1
1914;5203;33.9;1
1914;103151;809.87;3
1915;1111;16.5;3
1915;5404;23.5;2
1915;303152;329.85;3
1916;2214;53.9;2
1916;5201;33.9;1
1916;303222;329.85;3
1917;5206;30.51;2
1917;302182;479.85;1
1917;303151;329.85;3
1918;5205;33.9;1
1918;301201;764.85;3
1919;5206;33.9;3
1919;302221;431.87;2
1919;303182;329.85;2
1920;201161;832.35;2
1921;302202;479.85;2
1922;303221;313.36;3
1923;4103;12.83;2
1923;103201;899.85;2
1924;2210;53.9;2
1924;5301;10.71;1
1924;103221;899.85;3
1925;1104;14.5;2
1925;7403;36;2
1925;201221;832.35;2
1926;302221;479.85;2
1927;5201;33.9;1
1927;102171;1739.85;3
1928;102171;1739.85;3
1929;6402;9;2
1929;301151;764.85;3
1929;303201;329.85;2
1930;2208;53.9;2
1931;202201;539.85;3
1931;301181;764.85;3
1931;301201;688.37;1
1932;7401;21.15;1
1932;303182;329.85;2
1933;5404;23.5;2
1934;2211;48.51;1
1934;101171;2939.85;1
1934;103221;899.85;1
1935;302222;479.85;3
1936;303151;329.85;3
1937;101171;2792.86;3
1938;2201;41.9;2
1939;202181;539.85;2
1939;303221;329.85;1
1940;2202;41.9;2
1941;101201;2939.85;2
1942;2213;53.9;3
1942;7403;36;2
1942;303202;329.85;1
1943;2205;39.81;1
1943;4106;15.5;1
1944;101202;2939.85;3
1945;303152;329.85;3
1946;303161;329.85;3
1947;103151;899.85;3
1947;202161;539.85;3
1948;3301;4.5;1
1948;101202;2939.85;1
1949;1105;14.5;1
1950;1102;13.78;2
1950;101221;2939.85;1
1951;301151;764.85;1
1951;301221;764.85;1
1952;2202;39.81;3
1953;1104;14.5;2
1954;2202;41.9;1
1954;303152;329.85;1
1955;303162;329.85;2
1956;1110;16.5;1
1956;102201;1739.85;1
1956;402001;274.35;1
1957;5202;33.9;2
1957;5203;33.9;2
1957;103221;899.85;1
1958;7401;23.5;3
1958;103201;899.85;3
1958;303181;329.85;2
1959;303181;329.85;3
1960;2212;53.9;1
1960;103171;899.85;2
1960;103201;899.85;1
1961;2201;41.9;2
1961;302182;479.85;2
1962;301221;764.85;3
1963;303182;329.85;2
1964;2214;53.9;3
1964;202161;539.85;2
1964;302162;479.85;1
1965;303201;329.85;3
1966;5202;32.21;2
1966;101221;2645.87;1
1966;103181;899.85;3
1967;303202;329.85;2
1968;1111;16.5;2
1968;5403;13.78;2
1968;402002;274.35;1
1969;2209;48.51;3
1969;402001;274.35;3
1970;2203;41.9;3
1970;7403;36;1
1970;301151;764.85;1
1971;2201;41.9;3
1971;5202;33.9;1
1971;303222;329.85;1
1972;2208;53.9;3
1972;301201;764.85;3
1972;302161;479.85;2
1973;5303;37.9;1
1973;201221;832.35;2
1973;401002;253.67;1
1974;2205;41.9;3
1974;5402;14.5;1
1974;102221;1565.87;3
1975;202221;539.85;3
1975;302161;479.85;2
1976;303221;329.85;3
1977;1101;14.5;3
1977;102151;1565.87;3
1977;302221;479.85;1
1978;201161;832.35;1
1979;2202;41.9;1
1979;2203;41.9;1
1980;402001;260.63;2
1981;1107;16.5;3
1982;303222;329.85;3
1983;7402;23.5;1
1984;401001;281.85;2
1985;401002;281.85;2
1986;7402;21.15;2
1986;7404;32.4;3
1986;402001;274.35;1
1987;3303;19.9;2
1987;5206;33.9;2
1988;3303;19.9;2
1988;302221;479.85;1
1989;402001;274.35;2
1990;101221;2939.85;2
1991;1111;16.5;3
1991;2207;51.21;2
1991;402002;274.35;1
1992;2203;41.9;3
1992;301181;764.85;2
1993;1109;16.5;2
1993;102181;1739.85;1
1993;302162;479.85;3
1994;101171;2939.85;1
1994;202181;539.85;1
1995;402002;274.35;2
1996;2210;53.9;2
1996;2212;53.9;2
1997;5205;33.9;2
1997;5301;11.9;2
1998;1105;14.5;3
1998;2211;53.9;2
1998;101151;2939.85;2
1999;202201;539.85;3
2000;301181;764.85;3
2000;303221;329.85;2
2000;401002;281.85;3
2001;1105;14.5;1
2002;1101;14.5;3
2003;2207;48.51;1
2004;302181;431.87;2
2004;302201;479.85;2
2005;2214;53.9;3
2006;1105;13.05;3
2006;202221;539.85;1
2007;202181;539.85;2
2008;2207;53.9;3
2008;4105;15.5;3
2009;101172;2792.86;2
2010;1102;14.5;2
2011;102151;1565.87;3
2012;3304;21.9;3
2012;102221;1739.85;3
2012;302162;431.87;2
2013;1103;14.5;3
2014;303161;329.85;3
2015;1109;16.5;1
2016;2212;53.9;2
2017;1104;14.5;2
2018;4103;13.5;1
2018;302182;479.85;3
2018;302202;479.85;1
2019;5202;33.9;2
2019;5204;33.9;3
2020;3305;21.9;2
2020;5205;33.9;2
2020;6403;15;1
2021;5206;33.9;3
2021;102201;1739.85;3
2021;302182;479.85;2
2022;1110;16.5;2
2023;3304;21.9;3
2023;4105;13.95;2
2024;2214;51.21;2
2024;5405;23.5;2
2024;102151;1739.85;3
2025;102171;1652.86;2
2026;1105;14.5;3
2027;2213;53.9;1
2027;5302;9.98;2
2028;3302;16.63;1
2028;201161;832.35;1
2028;302162;479.85;1
2029;1106;16.5;3
2030;103221;899.85;1
2031;1107;16.5;2
2032;2210;53.9;3
2032;302202;479.85;2
2033;1108;16.5;3
2034;5403;14.5;2
2034;101181;2939.85;1
2035;102181;1739.85;2
2035;301151;764.85;1
2036;1109;16.5;3
2037;2213;48.51;2
2037;2215;53.9;3
2037;201221;832.35;3
2038;101202;2939.85;2
2039;1110;16.5;3
2040;2206;37.71;1
2040;303181;296.87;1
2041;1111;16.5;3
2042;2201;41.9;3
2043;303221;296.87;1
2044;2202;41.9;3
2045;302181;479.85;1
2046;5402;14.5;2
2046;102171;1739.85;1
2046;303181;329.85;3
2047;2215;48.51;1
2047;202161;539.85;1
2048;2205;41.9;2
2048;303151;329.85;3
2049;2203;41.9;2
2050;2204;41.9;2
2051;1101;14.5;2
2051;2202;41.9;2
2052;303151;329.85;3
2053;103151;854.86;2
2053;301161;764.85;2
2054;103221;899.85;2
2054;202201;539.85;3
2054;303152;329.85;2
2055;202221;485.87;3
2056;2205;41.9;2
2057;2206;41.9;3
2058;2202;41.9;2
2058;201201;832.35;3
2058;202201;539.85;1
2059;2207;53.9;3
2060;2212;53.9;1
2060;5206;33.9;1
2061;5301;11.9;2
2062;6403;15;2
2062;202201;512.86;1
2063;4102;12.83;3
2063;201181;832.35;3
2064;2208;53.9;2
2065;2213;51.21;1
2065;7401;23.5;3
2066;302162;455.86;2
2066;402002;274.35;1
2067;1107;14.85;2
2067;3305;21.9;1
2068;2208;53.9;1
2068;401001;281.85;2
2069;1107;16.5;2
2070;2209;53.9;2
2071;2210;53.9;3
2072;2203;37.71;2
2072;4104;15.5;1
2072;6402;9;2
2073;2211;53.9;2
2074;2207;51.21;1
2075;103221;854.86;2
2076;2209;53.9;1
2076;101152;2939.85;2
2076;201161;749.12;2
2077;302221;431.87;1
2078;4106;15.5;3
2078;6401;12;2
2079;2212;53.9;2
2080;401001;281.85;3
2081;1107;16.5;1
2082;5401;14.5;2
2082;302162;479.85;1
2083;201181;832.35;1
2084;3301;4.28;2
2085;2213;53.9;3
2086;2214;53.9;2
2087;4101;13.5;2
2087;5401;13.05;2
2088;1102;14.5;1
2088;5401;14.5;1
2089;101172;2939.85;2
2089;401001;281.85;2
2090;301181;764.85;1
2091;1106;14.85;2
2091;101152;2939.85;2
2091;302161;479.85;1
2092;2215;53.9;2
2093;3301;4.5;3
2094;5405;23.5;1
2095;2203;41.9;2
2095;101181;2792.86;3
2096;301221;726.61;2
2096;302161;479.85;2
2097;3302;17.5;3
2098;1109;16.5;1
2098;5302;9.98;1
2098;101151;2939.85;3
2099;3303;19.9;3
2100;2206;41.9;3
2100;5202;33.9;2
2100;201181;749.12;1
2101;3304;21.9;3
2102;6402;9;3
2102;101221;2939.85;3
2103;3301;4.5;2
2104;201161;832.35;2
2104;303162;329.85;1
2105;2205;41.9;3
2106;3301;4.28;3
2107;2204;41.9;1
2107;7402;23.5;3
2108;3301;4.5;3
2108;5206;33.9;3
2108;303181;329.85;2
2109;3305;21.9;2
2110;101182;2939.85;1
2110;102171;1739.85;3
2111;2206;41.9;2
2111;4106;15.5;3
2111;7402;21.15;1
2112;1104;14.5;2
2112;102221;1739.85;3
2112;303202;296.87;1
2113;4101;13.5;2
2114;2215;53.9;3
2114;101172;2939.85;1
2114;101222;2939.85;1
2115;4102;13.5;2
2116;401002;267.76;3
2117;402001;274.35;3
2118;4103;13.5;3
2119;4104;15.5;2
2120;2202;41.9;1
2120;101181;2939.85;3
2121;4105;15.5;3
2122;1103;14.5;1
2122;2203;41.9;1
2122;201181;832.35;3
2123;2208;53.9;2
2123;6401;12;3
2123;303182;329.85;2
2124;4106;15.5;3
2125;1110;16.5;1
2125;102201;1739.85;3
2126;5202;33.9;2
2126;301151;764.85;2
2126;301201;726.61;3
2127;5201;33.9;3
2128;2211;53.9;3
2128;2215;53.9;2
2129;5208;32.21;1
2129;101171;2792.86;2
2130;6401;12;3
2130;202161;539.85;1
2131;7402;21.15;2
2132;2202;41.9;2
2132;2215;53.9;3
2132;101152;2939.85;2
2133;2208;53.9;3
2133;101172;2792.86;1
2133;303151;329.85;1
2134;101151;2939.85;2
2134;101171;2939.85;1
2134;201161;832.35;3
2135;5202;33.9;2
2136;5203;33.9;3
2137;5204;33.9;2
2138;5201;33.9;3
2139;3301;4.5;2
2139;103221;899.85;1
2139;201161;832.35;1
2140;101221;2939.85;3
2141;401001;281.85;3
2142;4106;15.5;3
2143;5205;33.9;3
2144;5206;33.9;3
2145;102201;1739.85;3
2145;302222;431.87;1
2146;4105;15.5;1
2146;402002;274.35;3
2147;1109;16.5;3
2148;2204;41.9;3
2148;201161;832.35;3
2148;303201;329.85;1
2149;4104;15.5;1
2150;5207;33.9;3
2151;201181;832.35;3
2152;4101;12.83;2
2152;5402;14.5;2
2152;101182;2939.85;1
2153;1105;14.5;3
2154;1106;16.5;2
2155;2212;53.9;3
2155;401002;253.67;2
2156;7402;23.5;2
2156;402001;274.35;2
2157;202221;539.85;3
2157;303221;313.36;3
2158;6401;12;3
2158;303201;329.85;3
2159;4104;15.5;2
2159;202201;539.85;3
2160;4103;13.5;1
2161;302181;431.87;1
2162;202181;539.85;1
2162;302162;479.85;1
2163;5208;33.9;3
2164;5301;11.9;3
2165;3302;17.5;2
2166;5302;9.98;2
2167;5303;37.9;2
2168;5401;14.5;3
2169;3302;17.5;1
2169;5301;11.9;2
2169;103171;854.86;2
2170;303202;329.85;2
2171;5201;33.9;1
2172;5402;14.5;2
2173;5403;14.5;3
2174;5404;23.5;3
2175;1104;13.05;1
2175;2209;53.9;1
2176;302221;479.85;1
2177;2212;53.9;2
2177;103151;899.85;2
2178;2206;41.9;3
2178;202201;539.85;2
2178;303181;329.85;1
2179;3303;19.9;1
2179;101201;2939.85;2
2180;5405;23.5;3
2181;6401;12;3
2182;5302;9.98;1
2182;5405;23.5;3
2182;301201;764.85;3
2183;2209;53.9;2
2183;5206;33.9;1
2183;301181;764.85;2
2184;5206;33.9;3
2185;6402;9;2
2186;5301;11.9;3
2187;6403;15;3
2188;7401;23.5;2
2189;2203;41.9;3
2189;4104;15.5;3
2189;303222;329.85;1
2190;2213;53.9;1
2190;3305;19.71;1
2190;5205;30.51;1
2191;3302;17.5;2
2191;3303;18.91;2
2192;7402;23.5;2
2193;3303;19.9;1
2193;102171;1739.85;3
2194;402002;274.35;2
2195;1107;16.5;2
2195;7404;36;1
2195;303222;329.85;3
2196;2215;53.9;2
2196;7402;23.5;3
2197;1108;16.5;3
2197;2204;41.9;1
2197;301201;764.85;1
2198;4104;15.5;3
2198;7401;23.5;2
2199;2209;51.21;3
2199;201161;790.73;2
2199;302202;479.85;2
2200;2204;41.9;2
2200;7402;23.5;1
2201;2206;41.9;1
2201;2210;53.9;2
2201;301181;764.85;3
2202;2214;53.9;1
2202;5405;23.5;2
2202;101182;2939.85;1
2203;2211;53.9;3
2203;5208;33.9;2
2203;302221;479.85;1
2204;3302;17.5;2
2204;3303;19.9;3
2204;301151;764.85;1
2205;7403;36;2
2206;302162;431.87;2
2207;7404;36;2
2208;1107;16.5;2
2208;302162;479.85;1
2209;4105;15.5;2
2209;5208;32.21;3
2209;7402;23.5;2
2210;1107;15.68;1
2210;2214;53.9;2
2211;5301;11.31;1
2212;5401;14.5;1
2212;101221;2939.85;2
2212;201221;832.35;3
2213;6403;15;2
2213;102171;1739.85;2
2214;2205;41.9;1
2215;101151;2939.85;2
2216;2205;41.9;2
2216;302221;479.85;1
2217;101222;2939.85;1
2217;301161;764.85;2
2218;1106;16.5;2
2218;5206;33.9;3
2219;1107;16.5;1
2219;1111;16.5;1
2219;101202;2645.87;1
2220;101152;2939.85;3
2221;101171;2939.85;1
2222;101171;2939.85;2
2223;2210;53.9;2
2223;6402;8.1;2
2223;102201;1739.85;1
2224;101172;2939.85;3
2225;101181;2939.85;2
2226;103201;899.85;1
2226;201161;832.35;3
2227;303151;313.36;2
2228;101182;2939.85;2
2229;4106;15.5;1
2229;6403;15;2
2229;302202;479.85;1
2230;4101;13.5;3
2230;202201;539.85;2
2231;101201;2939.85;3
2232;5402;14.5;2
2232;7403;34.2;3
2233;2212;53.9;2
2233;3302;17.5;1
2233;7403;36;2
2234;303151;329.85;1
2235;2203;41.9;1
2235;2212;53.9;1
2235;201201;790.73;3
2236;5208;30.51;2
2236;103221;809.87;3
2236;302222;479.85;3
2237;1104;14.5;1
2238;302202;431.87;2
2239;4105;13.95;3
2239;101222;2939.85;2
2239;201181;832.35;3
2240;101202;2939.85;3
2241;5302;9.98;3
2242;101221;2939.85;3
2243;2205;41.9;2
2243;302161;479.85;3
2244;202221;539.85;1
2245;2208;53.9;1
2246;101222;2939.85;3
2247;5403;14.5;2
2247;101201;2939.85;1
2247;303201;329.85;2
2248;101171;2939.85;3
2249;4103;13.5;1
2250;2209;53.9;3
2250;5207;33.9;2
2250;5402;14.5;3
2251;201181;832.35;2
2251;302181;479.85;3
2251;401001;281.85;3
2252;1103;14.5;3
2252;7401;23.5;3
2253;102151;1739.85;2
2254;101222;2939.85;1
2254;302182;431.87;3
2255;102171;1739.85;3
2256;102181;1739.85;2
2257;1109;16.5;2
2257;4102;13.5;3
2257;102171;1739.85;1
2258;201161;832.35;2
2258;302221;479.85;1
2259;4102;13.5;2
2260;5201;32.21;1
2260;401002;281.85;2
2261;1105;14.5;2
2261;2213;53.9;2
2262;5301;11.9;3
2262;101222;2939.85;1
2263;201221;832.35;1
2263;303161;329.85;1
2264;5402;14.5;3
2265;201221;832.35;3
2266;4102;13.5;2
2267;7404;36;2
2268;102201;1739.85;2
2269;3303;19.9;1
2270;102221;1739.85;2
2271;5206;32.21;3
2271;201201;832.35;2
2272;103151;899.85;3
2273;5303;37.9;2
2273;5405;23.5;2
2274;1110;14.85;2
2274;5404;23.5;1
2274;7404;36;1
2275;2202;41.9;1
2275;201181;832.35;1
2276;1106;14.85;1
2276;302222;431.87;1
2277;1108;14.85;1
2277;2207;53.9;2
2278;1101;14.5;2
2279;103171;899.85;2
2280;1109;16.5;3
2280;102171;1652.86;2
2281;5401;14.5;3
2282;1106;16.5;1
2282;302181;431.87;3
2283;7401;23.5;3
2284;103201;899.85;3
2284;302202;479.85;1
2285;3301;4.28;1
2285;103171;899.85;3
2285;201181;832.35;2
2286;202201;485.87;3
2287;1104;14.5;2
2287;1105;14.5;3
2287;202201;539.85;1
2288;103181;899.85;2
2289;103201;899.85;2
2290;2215;51.21;3
2291;103221;899.85;2
2292;5405;23.5;3
2292;103181;809.87;2
2292;401002;281.85;3
2293;4105;15.5;3
2294;1110;16.5;1
2294;2213;53.9;1
2294;5403;14.5;3
2295;5403;13.05;3
2296;1105;14.5;2
2296;6402;9;1
2296;101151;2939.85;3
2297;7402;23.5;3
2298;303152;329.85;2
2299;2203;41.9;1
2299;7403;36;2
2300;2206;41.9;2
2300;3303;17.91;2
2300;201221;832.35;2
2301;201161;832.35;2
2302;1101;13.05;1
2302;2208;53.9;2
2302;5402;14.5;1
2303;2204;41.9;1
2304;201181;832.35;3
2305;201201;832.35;3
2306;2210;48.51;2
2306;5201;33.9;1
2306;103201;809.87;1
2307;1106;16.5;2
2307;303161;296.87;3
2308;201221;832.35;2
2309;202161;539.85;2
2310;402002;274.35;3
2311;1110;16.5;2
2311;4106;15.5;3
2311;103151;809.87;1
2312;4104;15.5;1
2312;103221;899.85;3
2313;1107;16.5;1
2313;4102;13.5;3
2313;301161;764.85;1
2314;2212;51.21;2
2314;102201;1739.85;1
2315;102171;1739.85;1
2316;202181;539.85;2
2317;202201;539.85;3
2318;5405;23.5;1
2318;303151;329.85;3
2319;202221;539.85;3
2320;2201;41.9;3
2320;301221;764.85;1
2320;303202;329.85;2
2321;5204;30.51;1
2321;5208;32.21;2
2321;303222;329.85;3
2322;5206;33.9;3
2322;102171;1652.86;1
2323;5401;14.5;3
2323;6403;13.5;1
2323;202181;485.87;2
2324;2201;41.9;3
2324;2209;51.21;3
2324;102171;1739.85;3
2325;101202;2939.85;2
2326;2202;41.9;3
2326;201181;832.35;3
2326;303152;329.85;3
2327;301151;764.85;3
2328;4103;13.5;1
2328;5402;14.5;2
2328;7404;36;1
2329;301161;764.85;3
2330;5401;14.5;3
2330;201161;832.35;1
2330;301151;726.61;3
2331;5405;22.33;2
2332;2213;53.9;1
2332;301181;764.85;3
2333;2203;41.9;3
2333;102181;1652.86;1
2333;301181;764.85;3
2334;1103;14.5;1
2334;2208;53.9;1
2334;2209;53.9;3
2335;5401;14.5;3
2335;7403;36;2
2336;301201;764.85;1
2336;301221;764.85;2
2337;3302;17.5;3
2337;4104;15.5;1
2338;2215;53.9;1
2338;303222;329.85;3
2339;301181;764.85;2
2340;5204;33.9;2
2340;202181;539.85;3
2341;201221;832.35;2
2341;202221;485.87;3
2341;303182;329.85;3
2342;301201;764.85;2
2343;302161;479.85;1
2344;3301;4.05;3
2344;302182;455.86;1
2345;2202;41.9;2
2346;2204;41.9;2
2346;2210;53.9;1
2346;103151;809.87;3
2347;101202;2939.85;1
2347;102171;1739.85;2
2348;2205;41.9;3
2348;302202;479.85;1
2349;2209;53.9;2
2349;5201;30.51;1
2349;303161;329.85;1
2350;2212;53.9;2
2350;5203;32.21;1
2350;103171;899.85;1
2351;301201;764.85;3
2352;303181;329.85;3
2353;6402;9;1
2354;301221;764.85;3
2355;302161;479.85;3
2356;6401;12;2
2357;2210;53.9;2
2357;303151;296.87;2
2358;101222;2939.85;2
2358;102151;1739.85;2
2358;302181;479.85;3
2359;2203;39.81;1
2359;101222;2939.85;1
2360;302162;479.85;2
2361;2209;53.9;2
2361;401001;281.85;1
2362;103171;899.85;3
2362;201201;832.35;3
2362;303221;329.85;2
2363;3304;19.71;1
2364;3302;17.5;2
2365;2209;53.9;1
2365;6401;12;2
2366;101172;2939.85;3
2367;401002;281.85;2
2368;1104;14.5;2
2369;302181;479.85;2
2370;5302;9.98;2
2370;101221;2939.85;3
2370;303162;329.85;1
2371;302182;479.85;3
2372;3301;4.05;3
2373;1104;14.5;1
2373;101151;2939.85;1
2373;302182;479.85;3
2374;1102;13.05;2
2374;5403;13.78;3
2374;6403;15;1
2375;7402;23.5;2
2375;303181;329.85;2
2376;3305;21.9;1
2376;201161;832.35;2
2376;202221;485.87;2
2377;5303;37.9;3
2378;2206;41.9;2
2378;102151;1739.85;2
2378;402002;274.35;3
2379;5207;33.9;1
2379;102151;1739.85;3
2380;7402;23.5;3
2380;103171;899.85;2
2381;302201;479.85;3
2382;302202;479.85;2
2383;301151;726.61;2
2383;301161;764.85;2
2383;303181;329.85;2
2384;201181;790.73;1
2384;402001;274.35;1
2385;301151;764.85;1
2386;302221;479.85;3
2387;1111;16.5;1
2388;5201;33.9;2
2389;5208;32.21;2
2389;101222;2939.85;2
2389;302221;479.85;2
2390;1105;14.5;2
2390;5205;33.9;2
2390;303221;329.85;2
2391;1108;16.5;3
2391;301221;764.85;2
2391;302161;479.85;1
2392;302222;479.85;3
2393;4102;13.5;2
2393;5202;33.9;2
2393;201161;832.35;2
2394;202161;539.85;3
2395;2206;41.9;1
2395;6402;9;1
2395;302182;479.85;2
2396;303151;329.85;2
2397;5207;33.9;1
2397;5403;14.5;3
2397;6401;12;2
2398;303152;329.85;3
2399;302161;479.85;2
2400;1102;14.5;2
2401;2201;41.9;1
2402;2214;53.9;3
2402;7402;23.5;1
2403;2208;53.9;3
2403;4104;15.5;3
2404;303161;329.85;3
2405;101181;2939.85;2
2406;303162;329.85;3
2407;1101;13.78;1
2407;102221;1739.85;2
2407;202181;539.85;3
2408;303181;329.85;2
2409;5206;33.9;3
2409;103151;899.85;3
2409;202181;539.85;3
2410;5302;9.98;2
2410;5401;14.5;2
2410;102151;1739.85;3
2411;303182;329.85;2
2412;303201;329.85;3
2413;1101;13.05;2
2413;102181;1739.85;2
2414;102221;1739.85;3
2414;303182;329.85;1
2414;401002;281.85;2
2415;303202;329.85;3
2416;303221;329.85;2
2417;303222;329.85;2
2418;1108;16.5;3
2419;4106;15.5;1
2419;5204;33.9;2
2420;1103;14.5;3
2420;102201;1739.85;3
2420;303151;329.85;3
2421;401001;281.85;2
2422;1110;16.5;2
2422;5301;11.9;3
2423;2204;39.81;2
2424;5404;23.5;3
2424;303182;296.87;1
2425;2201;41.9;3
2425;303201;329.85;2
2426;5201;33.9;3
2426;101221;2939.85;2
2426;303181;329.85;3
2427;5201;33.9;2
2428;4105;15.5;1
2428;303201;329.85;2
2429;303222;329.85;1
2430;4106;15.5;2
2431;4106;13.95;1
2432;102171;1739.85;2
2433;1106;16.5;1
2433;4103;12.15;2
2433;303161;329.85;2
2434;103181;899.85;1
2434;202181;485.87;1
2434;401001;267.76;1
2435;3302;17.5;1
2435;4103;12.83;2
2436;1111;16.5;3
2436;4102;13.5;3
2436;7404;36;2
2437;401002;281.85;2
2438;5203;32.21;1
2439;1110;16.5;1
2439;5203;33.9;3
2439;7404;36;3
2440;3303;19.9;3
2440;5201;32.21;1
2440;302162;479.85;2
2441;2213;53.9;3
2442;2207;53.9;1
2442;2208;53.9;3
2442;5208;33.9;1
2443;1105;13.05;3
2443;1106;16.5;1
2443;5403;14.5;2
2444;402001;274.35;3
2445;301181;764.85;1
2446;1101;14.5;1
2446;4101;13.5;2
2446;303182;329.85;2
2447;2215;53.9;3
2448;1109;16.5;3
2448;5207;33.9;1
2448;102201;1739.85;1
2449;201221;832.35;2
2449;303182;329.85;3
2450;402002;274.35;2
2451;402002;274.35;2
2452;4106;15.5;2
2452;101152;2939.85;1
2453;2203;39.81;1
2453;3305;21.9;3
2453;5301;11.9;2
2454;1101;14.5;3
2455;1102;14.5;3
2456;301181;764.85;3
2457;2209;48.51;1
2457;5301;11.9;3
2458;6403;15;3
2458;7404;36;3
2458;101151;2645.87;3
2459;1103;14.5;3
2460;2206;41.9;3
2461;2204;41.9;1
2461;6402;9;2
2462;1104;14.5;3
2463;1105;14.5;3
2464;1104;13.05;3
2465;2201;41.9;3
2465;302221;479.85;3
2466;1106;16.5;2
2467;4104;15.5;3
2468;7404;36;3
2469;4102;13.5;3
2469;4105;15.5;3
2470;1107;16.5;2
2471;2203;41.9;3
2471;6402;9;3
2472;1109;16.5;2
2472;101202;2939.85;2
2473;5402;14.5;2
2473;7401;21.15;2
2474;6401;12;2
2474;303162;329.85;3
2475;1106;16.5;1
2475;5207;32.21;1
2476;3303;19.9;2
2476;303222;329.85;3
2477;2210;53.9;1
2477;201201;832.35;2
2478;1108;16.5;3
2479;2215;53.9;3
2479;202201;539.85;1
2479;301221;726.61;2
2480;101152;2939.85;1
2480;302221;479.85;2
2480;303202;329.85;1
2481;2205;41.9;2
2481;2214;53.9;3
2481;5403;14.5;3
2482;1109;16.5;2
2483;1110;16.5;3
2484;101152;2645.87;1
2485;1111;16.5;2
2486;2201;41.9;2
2487;4101;13.5;3
2488;1102;14.5;3
2488;5402;14.5;1
2488;201221;832.35;3
2489;5207;33.9;2
2489;101222;2939.85;2
2490;2202;41.9;3
2491;2203;41.9;3
2492;6403;14.25;1
2492;402001;274.35;3
2493;2204;41.9;3
2494;2205;41.9;3
2495;101171;2939.85;1
2495;102201;1739.85;3
2496;2206;41.9;2
2497;102201;1739.85;2
2497;303161;296.87;2
2498;1105;14.5;3
2499;5202;33.9;1
2500;2207;53.9;3
2501;101202;2939.85;1
2501;103151;899.85;3
2502;1102;14.5;2
2503;5201;33.9;3
2503;5303;37.9;2
2503;5401;14.5;2
2504;2208;53.9;2
2505;2202;39.81;3
2505;2213;48.51;3
2505;3301;4.5;2
2506;202201;539.85;1
2507;1107;16.5;1
2507;101152;2939.85;2
2507;303162;329.85;1
2508;2201;41.9;2
2508;2208;53.9;2
2508;5203;33.9;3
2509;1104;14.5;1
2509;2212;53.9;3
2509;102151;1739.85;3
2510;7404;36;2
2510;101221;2939.85;3
2510;303221;329.85;1
2511;3301;4.5;1
2511;4106;15.5;1
2512;2209;53.9;3
2513;402001;260.63;2
2514;2210;53.9;2
2515;4103;13.5;1
2516;303152;296.87;2
2517;7403;36;3
2518;1110;16.5;2
2518;101151;2792.86;1
2519;2211;53.9;2
2520;1103;13.78;3
2520;5204;33.9;3
2521;2205;41.9;3
2521;3301;4.5;2
2521;5204;33.9;2
2522;4106;15.5;1
2523;302182;479.85;1
2524;1109;14.85;1
2525;4102;13.5;2
2525;5301;11.9;3
2525;101202;2939.85;2
2526;1110;16.5;1
2526;303201;329.85;3
2527;5207;33.9;2
2528;1101;13.05;1
2528;2205;39.81;2
2528;3305;21.9;2
2529;1103;14.5;3
2529;4104;15.5;2
2530;4104;15.5;1
2530;5205;33.9;2
2531;2212;53.9;3
2532;1110;16.5;2
2532;2208;53.9;1
2532;303222;329.85;1
2533;401001;253.67;1
2534;3304;21.9;3
2534;303182;329.85;2
2535;2213;53.9;2
2536;5302;9.98;1
2536;101182;2939.85;3
2536;103171;899.85;2
2537;301221;764.85;3
2538;5204;33.9;1
2538;201221;832.35;3
2539;1104;14.5;2
2539;4102;13.5;2
2539;101182;2939.85;2
2540;402002;274.35;3
2541;2214;53.9;3
2541;202161;539.85;3
2542;102171;1739.85;3
2543;103201;899.85;3
2544;2214;53.9;3
2545;2204;41.9;3
2545;101172;2939.85;2
2546;2215;53.9;2
2547;1101;14.5;2
2547;1108;16.5;3
2547;5207;30.51;2
2548;3301;4.5;2
2549;3302;17.5;2
2550;4101;12.15;2
2550;301161;764.85;1
2551;101182;2939.85;2
2552;7404;36;2
2552;102171;1739.85;1
2552;201221;832.35;1
2553;101222;2645.87;1
2554;1110;16.5;1
2554;7403;36;2
2554;101182;2939.85;3
2555;3303;19.9;2
2556;3304;21.9;2
2557;3305;21.9;3
2558;4101;13.5;2
2559;102201;1739.85;3
2559;202181;539.85;3
2560;101202;2792.86;2
2560;201161;832.35;3
2560;301221;764.85;2
2561;4102;13.5;3
2562;301161;764.85;3
2562;301201;764.85;2
2562;302181;479.85;1
2563;5208;33.9;2
2563;5303;37.9;2
2563;302201;479.85;3
2564;2213;53.9;2
2564;303151;296.87;2
2565;1106;16.5;3
2565;2202;37.71;1
2565;5402;14.5;2
2566;4103;13.5;3
2567;2207;48.51;2
2567;6401;10.8;2
2567;201181;832.35;1
2568;302182;479.85;2
2569;4104;15.5;2
2570;4105;15.5;3
2571;303222;296.87;1
2572;303152;329.85;2
2573;7402;23.5;3
2573;101202;2645.87;2
2573;301221;764.85;2
2574;4106;15.5;3
2575;101151;2939.85;2
2575;101221;2792.86;2
2576;5201;33.9;3
2577;3305;21.9;2
2578;101171;2939.85;3
2578;303162;313.36;2
2579;5202;33.9;2
2580;5203;33.9;3
2581;6401;12;1
2581;101151;2792.86;1
2581;401001;281.85;1
2582;5204;33.9;2
2583;4101;13.5;2
2583;6403;15;2
2584;5205;33.9;3
2585;2201;41.9;1
2585;102151;1739.85;2
2585;301161;764.85;3
2586;5206;33.9;3
2587;5207;33.9;2
2588;101172;2939.85;1
2588;101202;2792.86;1
2588;201161;832.35;3
2589;4101;12.83;1
2589;303222;329.85;1
2589;402001;274.35;2
2590;5208;33.9;3
2591;202161;539.85;2
2592;2214;53.9;3
2592;7401;23.5;1
2592;303151;329.85;2
2593;102151;1652.86;1
2593;201161;832.35;2
2593;303152;329.85;2
2594;5301;11.9;2
2595;5203;33.9;2
2595;303182;329.85;2
2596;3301;4.5;1
2596;5206;33.9;2
2597;2213;53.9;3
2597;102201;1565.87;1
2598;101151;2939.85;1
2599;5302;9.98;2
2600;1103;14.5;1
2600;7401;21.15;2
2600;101201;2939.85;1
2601;101201;2939.85;1
2601;101222;2939.85;1
2601;102151;1565.87;1
2602;2211;53.9;3
2602;3303;19.9;2
2602;103171;854.86;2
2603;301181;764.85;3
2603;301221;764.85;3
2604;7404;36;2
2604;302201;431.87;2
2604;402001;274.35;3
2605;1106;16.5;3
2605;5205;33.9;1
2606;4103;13.5;2
2606;401001;253.67;2
2606;402002;274.35;2
2607;5205;33.9;3
2607;102221;1739.85;3
2608;5303;37.9;3
2609;2203;41.9;3
2610;102181;1739.85;3
2611;1110;14.85;3
2611;303201;313.36;1
2612;1109;16.5;3
2612;301221;764.85;1
2613;2212;53.9;1
2614;2214;53.9;3
2614;4106;15.5;1
2614;101221;2939.85;3
2615;101201;2792.86;2
2616;5401;14.5;2
2617;3305;21.9;3
2618;1109;16.5;1
2619;4104;15.5;1
2619;5206;33.9;2
2620;2215;53.9;3
2620;5203;33.9;1
2620;402001;274.35;1
2621;5402;14.5;2
2622;1103;13.05;2
2622;301181;688.37;3
2623;4105;15.5;3
2623;101221;2939.85;1
2623;303162;329.85;1
2624;5402;13.78;2
2625;5303;37.9;2
2626;5403;14.5;3
2627;2214;53.9;2
2627;101172;2939.85;3
2627;202221;485.87;3
2628;5405;21.15;1
2628;401002;281.85;2
2629;4102;13.5;2
2630;5207;33.9;1
2630;101201;2939.85;2
2631;5404;23.5;3
2632;5405;23.5;2
2633;103201;899.85;2
2633;201201;832.35;2
2633;303162;329.85;3
2634;101201;2792.86;2
2635;1109;16.5;1
2635;302181;431.87;3
2636;1103;14.5;1
2636;2205;41.9;1
2636;302222;479.85;3
2637;2203;39.81;1
2637;3301;4.05;2
2638;101152;2939.85;3
2638;103221;899.85;2
2638;301161;764.85;3
2639;6401;12;2
2640;101171;2939.85;1
2641;6402;9;3
2642;2202;41.9;2
2642;202161;539.85;3
2643;2207;53.9;2
2643;101151;2939.85;2
2643;301201;726.61;2
2644;6403;15;3
2645;2205;41.9;2
2646;2214;53.9;3
2646;302222;479.85;2
2647;2214;53.9;2
2648;2203;41.9;2
2648;4104;15.5;1
2648;6402;9;2
2649;7401;23.5;3
2650;3302;17.5;1
2650;101151;2939.85;2
2650;201181;832.35;1
2651;7402;23.5;3
2652;302221;479.85;3
2652;303201;329.85;3
2653;1107;16.5;3
2653;2207;53.9;2
2653;301221;764.85;3
2654;7403;36;3
2655;5401;13.05;1
2655;101182;2645.87;2
2656;303161;329.85;2
2657;3303;19.9;3
2657;5205;33.9;2
2657;103221;899.85;3
2658;7404;36;2
2659;303221;329.85;2
2660;2211;53.9;1
2661;101151;2939.85;3
2662;101152;2939.85;3
2663;3304;21.9;2
2664;101181;2792.86;3
2664;302201;455.86;2
2665;2201;41.9;1
2665;101182;2939.85;3
2665;301221;764.85;3
2666;6402;9;1
2666;101182;2645.87;2
2667;101171;2939.85;2
2668;1110;16.5;3
2668;5206;33.9;1
2668;101151;2939.85;3
2669;201181;832.35;3
2669;301151;764.85;2
2669;303182;313.36;3
2670;101172;2939.85;2
2671;2207;53.9;3
2671;4105;13.95;3
2671;202161;539.85;1
2672;1109;16.5;1
2673;5204;32.21;2
2674;101181;2939.85;3
2675;101182;2939.85;2
2676;101201;2939.85;3
2677;2205;41.9;3
2677;302181;479.85;3
2678;1107;16.5;2
2678;201201;832.35;2
2678;302221;479.85;2
2679;6403;15;1
2679;301161;764.85;2
2679;302182;479.85;2
2680;101202;2939.85;3
2681;5404;23.5;3
2682;7403;36;3
2682;402001;274.35;3
2683;1103;14.5;3
2684;3304;21.9;2
2684;303151;296.87;2
2685;101221;2939.85;3
2686;101222;2939.85;3
2687;4103;13.5;2
2688;102151;1739.85;2
2689;2201;41.9;3
2689;302201;479.85;3
2690;302221;479.85;1
2691;102171;1739.85;2
2692;1108;16.5;1
2692;101221;2939.85;3
2693;102181;1739.85;2
2694;5303;36.01;2
2694;103221;899.85;1
2694;201221;832.35;3
2695;101201;2939.85;2
2696;102201;1739.85;3
2697;302221;431.87;2
2698;102221;1739.85;3
2699;5206;33.9;1
2699;7401;23.5;2
2700;102151;1739.85;3
2700;103201;899.85;2
2701;2215;48.51;3
2701;5201;33.9;3
2702;303181;329.85;1
2703;303151;329.85;2
2704;4106;15.5;2
2704;5205;33.9;1
2704;5403;14.5;3
2705;5202;32.21;1
2706;103151;899.85;3
2707;103171;899.85;3
2708;2207;53.9;2
2709;1103;14.5;3
2709;302222;479.85;2
2710;6403;15;3
2711;402002;260.63;1
2712;103181;809.87;2
2713;1110;16.5;1
2713;4102;13.5;1
2714;5208;33.9;1
2714;101171;2939.85;2
2715;103221;899.85;1
2715;302161;479.85;2
2715;302182;479.85;1
2716;5201;33.9;1
2717;401002;281.85;3
2718;101222;2645.87;3
2718;103201;899.85;1
2719;2208;53.9;2
2719;401001;281.85;3
2720;5201;33.9;1
2720;103171;899.85;3
2721;1102;14.5;3
2721;5301;11.9;1
2722;4102;13.5;1
2722;101222;2939.85;2
2723;5203;30.51;1
2723;102151;1739.85;2
2724;5303;37.9;3
2725;2213;48.51;2
2725;103151;899.85;2
2725;302161;479.85;2
2726;101202;2939.85;2
2726;102181;1739.85;3
2727;1104;13.78;1
2727;102181;1739.85;3
2727;303201;329.85;1
2728;7403;36;1
2728;302181;479.85;3
2729;1108;16.5;1
2729;202201;512.86;2
2729;303161;329.85;1
2730;103221;899.85;2
2731;102201;1739.85;2
2731;302202;479.85;1
2732;1111;16.5;3
2732;2204;41.9;1
2732;2210;53.9;1
2733;103151;899.85;3
2734;2204;41.9;3
2734;101181;2939.85;2
2735;101152;2939.85;1
2735;101221;2939.85;2
2736;3305;20.81;3
2737;1108;16.5;1
2737;402001;260.63;1
2738;3304;21.9;3
2738;101151;2939.85;2
2738;102151;1739.85;1
2739;2213;48.51;1
2740;103181;899.85;3
2741;103171;899.85;3
2741;303181;329.85;1
2741;402001;260.63;3
2742;103201;899.85;3
2743;103221;899.85;2
2744;302162;479.85;1
2744;302182;431.87;1
2745;5301;11.9;3
2746;2202;41.9;1
2746;2205;41.9;2
2746;101151;2939.85;3
2747;201161;832.35;2
2748;1110;16.5;3
2748;5301;11.9;2
2748;102201;1652.86;1
2749;1104;13.05;3
2749;1111;16.5;2
2750;201181;832.35;2
2751;201201;832.35;2
2752;201221;832.35;3
2753;202161;539.85;3
2754;2201;41.9;1
2754;5207;33.9;2
2754;5402;14.5;2
2755;202181;539.85;3
2756;4102;13.5;1
2756;301181;764.85;2
2756;303182;329.85;1
2757;303151;329.85;1
2757;401001;281.85;2
2758;5402;14.5;1
2758;201221;832.35;3
2759;303152;329.85;2
2759;303182;329.85;3
2760;101202;2939.85;2
2761;202201;539.85;2
2762;101152;2939.85;3
2763;2212;53.9;2
2763;5204;30.51;1
2763;101151;2939.85;1
2764;202221;539.85;2
2765;2213;53.9;1
2765;5205;32.21;1
2766;2210;48.51;2
2766;6402;9;2
2766;301201;764.85;2
2767;301151;764.85;2
2768;7402;23.5;2
2768;303182;329.85;2
2768;303202;329.85;1
2769;7403;36;1
2769;7404;36;2
2770;5201;33.9;1
2770;5206;33.9;2
2770;102201;1739.85;3
2771;2214;53.9;2
2772;301161;764.85;3
2773;5206;33.9;3
2773;303162;296.87;1
2773;303181;329.85;1
2774;301181;764.85;3
2775;1106;16.5;2
2775;2209;53.9;1
2776;301201;764.85;2
2777;301221;764.85;2
2778;302161;479.85;2
2779;1111;16.5;2
2779;2215;53.9;1
2779;101222;2939.85;3
2780;301181;726.61;2
2781;102151;1739.85;1
2781;103151;899.85;3
2782;302162;479.85;3
2783;302181;479.85;3
2784;2207;53.9;1
2785;2210;53.9;2
2786;5401;14.5;3
2786;7402;22.33;2
2786;101201;2939.85;3
2787;5402;14.5;3
2787;103201;899.85;3
2787;302222;479.85;1
2788;2201;41.9;3
2788;302181;479.85;2
2789;4102;13.5;2
2789;302221;479.85;2
2790;1110;14.85;3
2791;1102;14.5;3
2791;4105;15.5;1
2791;303161;329.85;1
2792;5303;37.9;2
2792;202221;539.85;2
2792;303201;329.85;3
2793;5208;33.9;3
2793;5302;9.98;3
2793;103151;899.85;1
2794;302182;479.85;3
2795;2201;41.9;1
2795;302162;479.85;1
2796;7402;23.5;1
2797;302201;479.85;2
2798;2207;53.9;3
2798;5302;9.98;3
2798;302182;479.85;3
2799;302202;479.85;3
2800;2203;41.9;3
2800;301201;764.85;2
2800;302201;455.86;2
2801;303182;329.85;1
2802;101201;2645.87;3
2802;101202;2939.85;1
2803;401001;281.85;2
2804;1106;16.5;2
2804;5302;9.98;3
2805;1105;14.5;1
2805;301161;764.85;1
2805;302201;479.85;2
2806;2201;41.9;1
2806;2213;48.51;3
2806;303222;329.85;3
2807;302221;479.85;2
2808;2213;53.9;1
2808;303181;329.85;2
2809;302222;479.85;3
2810;2209;53.9;2
2810;4105;14.73;3
2810;303221;329.85;3
2811;4105;13.95;2
2811;301151;764.85;3
2812;2206;41.9;2
2813;303221;329.85;2
2814;2207;53.9;2
2814;5303;37.9;1
2814;101222;2939.85;3
2815;303152;329.85;3
2816;1102;14.5;1
2816;2211;53.9;3
2817;401002;281.85;2
2818;2211;51.21;2
2818;6402;9;1
2818;201181;832.35;1
2819;5403;13.78;3
2819;7402;23.5;1
2820;1110;16.5;3
2821;201181;749.12;1
2822;2214;53.9;2
2823;5204;33.9;2
2824;303151;329.85;2
2825;1105;14.5;3
2826;101171;2939.85;1
2826;201221;790.73;3
2827;2205;41.9;2
2827;6401;12;1
2828;4103;12.15;3
2828;6402;9;1
2828;402001;274.35;3
2829;303152;329.85;3
2830;303161;329.85;2
2831;2203;41.9;2
2831;4106;15.5;2
2831;103151;899.85;3
2832;303162;329.85;3
2833;3302;17.5;2
2833;202201;539.85;3
2834;2215;53.9;3
2834;302182;479.85;2
2835;101151;2645.87;3
2835;102221;1739.85;1
2836;303181;329.85;2
2837;303182;329.85;2
2838;101222;2939.85;1
2839;102201;1739.85;1
2840;303162;329.85;1
2841;303201;329.85;2
2842;5205;33.9;2
2842;201161;832.35;1
2842;302221;479.85;3
2843;1111;16.5;1
2844;101171;2939.85;1
2844;202201;539.85;1
2845;2203;41.9;1
2845;7401;23.5;2
2846;303202;329.85;2
2847;2215;53.9;3
2847;5203;33.9;2
2847;303182;329.85;1
2848;6402;9;2
2848;102221;1739.85;2
2848;303201;329.85;3
2849;5202;33.9;3
2849;202161;539.85;3
2850;2203;41.9;1
2850;202221;539.85;3
2850;303181;329.85;2
2851;303221;329.85;3
2852;303152;329.85;3
2853;5404;23.5;3
2853;302201;479.85;3
2854;5402;14.5;3
2854;201201;832.35;2
2855;301151;764.85;2
2856;2203;41.9;2
2856;4106;15.5;1
2856;5208;33.9;1
2857;7401;23.5;1
2857;302161;479.85;1
2858;303222;329.85;2
2859;2213;51.21;2
2859;102151;1739.85;3
2860;5202;33.9;2
2860;303181;329.85;1
2860;303182;296.87;2
2861;401001;281.85;2
2862;2213;53.9;3
2862;303161;329.85;3
2863;1111;16.5;3
2864;302221;479.85;3
2865;201201;832.35;1
2866;401002;281.85;3
2867;2203;41.9;3
2867;7403;36;3
2868;4103;13.5;1
2869;201201;832.35;3
2869;202221;539.85;3
2870;402001;274.35;3
2871;1110;14.85;2
2871;2202;37.71;3
2872;402002;274.35;2
2873;2215;53.9;1
2873;302202;479.85;1
2874;101221;2939.85;2
2875;1101;14.5;3
2876;3304;21.9;1
2876;101221;2939.85;2
2876;201181;790.73;2
2877;3301;4.5;1
2877;5202;33.9;1
2878;2208;53.9;1
2878;402002;274.35;3
2879;2213;53.9;3
2879;7401;23.5;1
2880;4102;13.5;1
2881;1102;14.5;3
2882;1103;14.5;2
2883;3305;21.9;1
2883;5208;33.9;1
2884;1104;14.5;3
2885;5302;9.98;2
2885;102151;1739.85;3
2885;301181;764.85;3
2886;1105;14.5;3
2887;1106;16.5;3
2888;7404;32.4;2
2888;101181;2939.85;3
2888;301201;764.85;1
2889;1107;16.5;3
2890;302181;479.85;1
2890;402002;274.35;2
2891;4105;15.5;1
2892;1105;14.5;1
2892;1106;15.68;1
2892;4105;15.5;1
2893;1108;16.5;2
2894;4106;14.73;1
2894;6402;9;2
2895;1109;16.5;3
2896;1101;14.5;2
2896;3304;21.9;2
2896;101202;2939.85;1
2897;1110;16.5;3
2898;301151;726.61;1
2898;402001;274.35;1
2899;1111;16.5;2
2900;102221;1739.85;3
2900;303181;329.85;1
2901;5203;33.9;3
2902;5302;8.98;3
2902;101182;2939.85;3
2903;1107;16.5;1
2904;2201;41.9;3
2905;4106;15.5;3
2905;5206;33.9;1
2905;301201;764.85;3
2906;101181;2939.85;2
2906;201201;832.35;2
2906;302162;479.85;1
2907;4101;13.5;3
2908;5405;23.5;2
2909;2202;41.9;3
2910;201161;832.35;3
2910;302221;479.85;3
2911;1110;15.68;2
2911;5205;33.9;1
2912;1106;16.5;3
2912;2211;53.9;3
2912;303151;329.85;1
2913;2203;41.9;3
2914;5402;14.5;3
2914;303161;329.85;1
2915;101221;2645.87;2
2916;2204;41.9;2
2917;5201;33.9;1
2918;2202;39.81;1
2918;5201;30.51;3
2918;202221;539.85;3
2919;1107;16.5;3
2920;102151;1565.87;2
2920;303161;329.85;3
2921;4103;13.5;2
2921;201201;832.35;3
2921;303162;329.85;1
2922;5201;33.9;2
2923;2205;41.9;3
2924;2206;41.9;2
2925;2212;53.9;3
2926;2207;53.9;2
2927;5302;8.98;3
2927;402001;274.35;1
2928;2208;53.9;3
2929;101201;2939.85;1
2930;2202;37.71;2
2930;202161;539.85;3
2931;2209;53.9;2
2932;401001;281.85;1
2933;5401;14.5;1
2933;301161;726.61;1
2933;301221;764.85;1
2934;1110;16.5;3
2934;1111;16.5;1
2934;302162;455.86;1
2935;302161;479.85;1
2935;303152;329.85;1
2935;303222;329.85;1
2936;2210;53.9;2
2937;2211;53.9;2
2938;102181;1739.85;1
2938;202221;539.85;2
2938;303151;329.85;1
2939;4105;15.5;3
2939;201201;749.12;2
2939;202201;539.85;1
2940;2212;53.9;3
2941;2213;53.9;2
2942;1104;14.5;3
2942;1111;14.85;3
2942;2210;53.9;1
2943;201221;832.35;3
2944;2214;53.9;2
2945;101181;2939.85;2
2945;103181;899.85;2
2945;202201;539.85;2
2946;101172;2939.85;2
2946;303161;329.85;1
2947;103221;899.85;1
2947;201181;832.35;1
2947;201201;832.35;3
2948;2210;53.9;2
2948;301201;764.85;3
2949;5207;33.9;3
2949;6402;9;3
2949;101202;2939.85;2
2950;1104;14.5;3
2950;2212;53.9;1
2950;302161;479.85;2
2951;1102;14.5;1
2951;101172;2939.85;3
2951;201201;749.12;3
2952;101221;2939.85;2
2952;302161;479.85;2
2953;102201;1739.85;2
2954;103221;899.85;2
2954;303182;313.36;2
2955;2215;53.9;3
2956;2215;53.9;1
2956;3305;21.9;2
2956;103201;899.85;3
2957;3301;4.5;2
2958;3302;17.5;3
2959;302202;479.85;2
2960;2208;53.9;3
2960;303222;329.85;1
2961;303222;329.85;1
2962;2206;41.9;1
2962;103151;899.85;2
2962;202221;485.87;3
2963;202201;539.85;2
2964;3303;19.9;2
2965;2206;41.9;1
2965;303162;329.85;3
2965;303222;313.36;3
2966;1111;16.5;3
2967;5303;37.9;3
2967;101202;2939.85;3
2968;4102;13.5;1
2968;5302;9.98;3
2969;103171;899.85;1
2969;201181;832.35;1
2969;301181;726.61;2
2970;1106;14.85;2
2970;101171;2939.85;1
2971;3304;21.9;2
2972;5404;22.33;3
2973;3301;4.28;1
2973;101221;2939.85;1
2973;302182;479.85;2
2974;2215;53.9;3
2975;3305;21.9;3
2976;4101;13.5;3
2977;2201;41.9;3
2977;101222;2939.85;1
2977;202201;539.85;3
2978;4101;12.15;3
2978;103171;899.85;3
2979;4102;13.5;3
2980;1109;16.5;2
2980;2211;53.9;3
2981;2206;41.9;1
2981;3305;21.9;3
2981;7402;23.5;2
2982;5202;33.9;1
2982;6403;15;2
2983;2211;51.21;2
2983;303201;329.85;2
2984;102181;1739.85;2
2985;1102;14.5;2
2985;5203;33.9;1
2985;102171;1739.85;2
2986;4103;13.5;3
2987;4104;15.5;2
2988;4103;13.5;3
2988;102221;1739.85;1
2988;303221;329.85;1
2989;2201;39.81;2
2989;2208;51.21;1
2989;2211;53.9;2
2990;101202;2792.86;3
2991;5303;36.01;3
2991;101201;2939.85;1
2992;2213;53.9;1
2992;4103;13.5;2
2993;2203;41.9;3
2993;4103;13.5;2
2993;5402;14.5;3
2994;5302;9.98;3
2995;5207;33.9;2
2996;3301;4.5;2
2997;5403;14.5;3
2998;2207;53.9;2
2998;6403;15;1
2998;302182;479.85;2
2999;1109;16.5;2
2999;102181;1739.85;3
2999;202161;539.85;3
3000;1104;14.5;3
3000;101151;2939.85;2
3001;303161;329.85;3
3002;5301;11.9;3
3003;101202;2939.85;2
3004;201201;832.35;3
3005;4103;13.5;2
3006;202181;539.85;1
3007;302162;431.87;3
3008;2211;53.9;2
3009;2201;41.9;3
3010;5201;33.9;3
3011;5203;33.9;1
3012;201201;832.35;2
3013;302202;479.85;3
3014;2214;53.9;3
3015;303222;329.85;2
3016;2212;53.9;2
3017;1109;16.5;1
3018;103201;899.85;1
3019;301181;764.85;2
3020;7401;23.5;2
3021;101222;2939.85;1
3022;102151;1739.85;1
3023;2205;41.9;1
3024;6402;9;3
3025;101172;2939.85;2
3026;201181;832.35;1
3027;201221;832.35;1
3028;2213;53.9;3
3029;2214;53.9;2
3030;103221;899.85;2
3031;101182;2939.85;1
3032;302201;431.87;1
3033;101221;2939.85;3
3034;1106;16.5;3
3035;2204;41.9;1
3036;2215;53.9;3
3037;1101;14.5;3
3038;3301;4.5;3
3039;3302;17.5;3
3040;3302;17.5;1
3041;6401;12;1
3042;303202;313.36;1
3043;402001;274.35;2
3044;1109;16.5;2
3045;5205;33.9;1
3046;2202;41.9;3
3047;5201;33.9;1
3048;303182;329.85;3
3049;3303;19.9;3
3050;302182;479.85;2
3051;302202;479.85;1
3052;303181;329.85;2
3053;202161;539.85;2
3054;2207;53.9;1
3055;302222;479.85;1
3056;2205;41.9;3
3057;2210;53.9;3
3058;3303;19.9;3
3059;102181;1652.86;3
3060;1107;16.5;3
3061;3303;19.9;2
3062;402002;274.35;1
3063;3304;21.9;3
3064;5405;23.5;1
3065;6403;15;3
3066;302161;479.85;1
3067;2211;53.9;2
3068;3302;17.5;1
3069;101201;2939.85;2
3070;5206;32.21;2
3071;102151;1652.86;2
3072;3302;17.5;1
3073;5207;33.9;1
3074;5208;33.9;1
3075;2211;48.51;2
3076;101171;2939.85;2
3077;3305;21.9;3
3078;303152;329.85;2
3079;101171;2939.85;2
3080;201201;832.35;2
3081;303161;329.85;1
3082;4101;13.5;2
3083;4102;13.5;3
3084;5206;33.9;1
3085;5301;11.9;3
3086;103151;899.85;3
3087;1105;14.5;1
3088;201201;790.73;1
3089;301181;764.85;1
3090;101201;2939.85;1
3091;102151;1739.85;3
3092;4103;13.5;2
3093;201161;832.35;3
3094;303221;329.85;1
3095;4104;15.5;3
3096;5201;33.9;1
3097;101151;2939.85;3
3098;103171;899.85;3
3099;2202;41.9;1
3100;303201;313.36;1
3101;1105;14.5;3
3102;4101;13.5;3
3103;303181;329.85;1
3104;1109;16.5;2
3105;5402;14.5;3
3106;302182;479.85;2
3107;4105;15.5;3
3108;4106;15.5;3
3109;101152;2939.85;3
3110;102221;1739.85;3
3111;201201;832.35;1
3112;302182;479.85;2
3113;303202;329.85;3
3114;101222;2939.85;3
3115;1101;14.5;1
3116;301151;688.37;3
3117;303152;329.85;1
3118;1104;14.5;1
3119;1111;16.5;1
3120;2206;41.9;1
3121;5206;33.9;3
3122;101221;2939.85;2
3123;201221;832.35;2
3124;1105;14.5;3
3125;2208;53.9;1
3126;5403;14.5;3
3127;101221;2939.85;3
3128;303162;313.36;3
3129;401002;281.85;3
3130;5405;23.5;1
3131;202161;539.85;2
3132;5201;33.9;2
3133;5202;33.9;2
3134;5203;33.9;3
3135;1110;16.5;1
3136;202161;539.85;1
3137;1105;14.5;1
3138;1110;16.5;2
3139;5303;37.9;3
3140;1104;14.5;3
3141;101171;2939.85;3
3142;103181;899.85;2
3143;302201;479.85;2
3144;302202;431.87;2
3145;402001;274.35;1
3146;2206;41.9;3
3147;101171;2939.85;2
3148;101202;2939.85;1
3149;5204;33.9;2
3150;102181;1739.85;1
3151;5205;33.9;3
3152;301221;764.85;2
3153;5206;33.9;3
3154;101182;2939.85;1
3155;103151;899.85;2
3156;301221;764.85;2
3157;4106;13.95;1
3158;102181;1739.85;2
3159;1103;14.5;3
3160;5301;11.9;2
3161;302201;479.85;3
3162;303152;329.85;1
3163;5401;14.5;1
3164;202161;539.85;1
3165;3304;21.9;2
3166;103181;899.85;3
3167;402002;274.35;2
3168;2203;41.9;3
3169;103221;899.85;1
3170;1104;14.5;2
3171;401001;281.85;2
3172;1111;16.5;3
3173;1105;14.5;1
3174;5201;33.9;1
3175;6403;15;1
3176;5205;33.9;1
3177;401001;281.85;3
3178;301161;764.85;2
3179;301201;764.85;3
3180;201161;790.73;3
3182;301151;764.85;1
3183;302201;479.85;2
3184;1111;16.5;2
3185;303151;329.85;2
3186;5207;33.9;3
3187;1104;14.5;1
3188;3303;19.9;1
3189;4106;15.5;2
3190;2207;53.9;1
3191;5208;33.9;3
3192;302202;479.85;2
3193;5301;11.9;2
